No.SPH;tgl;PS;RS/Customer;kode_item;Value;EKATALOG
"005/PHI-QUO/EKAT/VI/2021/PS022";2021-06-23;"Edi Mulyadi, SE";"RSUP Fatmawati";"65401";619000;"EKATALOG"
"002/PHI-QUO/EKAT/I/2021/PS115";2021-01-06;"Tika Wulandari";"RSUD Cibinong";"22-11-0004";6240000;"EKATALOG"
"002/PHI-QUO/EKAT/I/2021/PS115";2021-01-06;"Tika Wulandari";"RSUD Cibinong";"22-93-5002";8160000;"EKATALOG"
"002/PHI-QUO/EKAT/I/2021/PS115";2021-01-06;"Tika Wulandari";"RSUD Cibinong";"22-10-0008";64650000;"EKATALOG"
"004/PHI-QUO/EKAT/I/2021";2021-01-20;"Necisius Wahyu Adhimasto";"RSUD Bangil";"22-13-0100";3603000;"EKATALOG"
"004/PHI-QUO/EKAT/I/2021";2021-01-20;"Necisius Wahyu Adhimasto";"RSUD Bangil";"22-11-0006";628000;"EKATALOG"
"004/PHI-QUO/EKAT/I/2021";2021-01-20;"Necisius Wahyu Adhimasto";"RSUD Bangil";"22-11-0004";208000;"EKATALOG"
"004/PHI-QUO/EKAT/I/2021";2021-01-20;"Necisius Wahyu Adhimasto";"RSUD Bangil";"20-08-0008";197491;"EKATALOG"
"004/PHI-QUO/EKAT/I/2021";2021-01-20;"Necisius Wahyu Adhimasto";"RSUD Bangil";"01-90-3100";132000;"EKATALOG"
"004/PHI-QUO/EKAT/I/2021";2021-01-20;"Necisius Wahyu Adhimasto";"RSUD Bangil";"ADAPTER";384000;"EKATALOG"
"006/PHI-QUO/EKAT/I/2021/PS138";2021-01-20;"Wahyu Prasetyo kusumo";"RSUD Kecamatan Kalideres";"15001-03P";797000;"EKATALOG"
"006/PHI-QUO/EKAT/I/2021/PS138";2021-01-20;"Wahyu Prasetyo kusumo";"RSUD Kecamatan Kalideres";"ADAPTER";768000;"EKATALOG"
"006/PHI-QUO/EKAT/I/2021/PS138";2021-01-20;"Wahyu Prasetyo kusumo";"RSUD Kecamatan Kalideres";"34-10-0025";1122000;"EKATALOG"
"005/PHI-QUO-EKAT/I/2021";2021-01-20;"Necisius Wahyu Adhimasto";"RSUD Bangil";"22-13-0100";3603000;"EKATALOG"
"005/PHI-QUO-EKAT/I/2021";2021-01-20;"Necisius Wahyu Adhimasto";"RSUD Bangil";"20-02-0150";91000;"EKATALOG"
"005/PHI-QUO-EKAT/I/2021";2021-01-20;"Necisius Wahyu Adhimasto";"RSUD Bangil";"20-08-0008";197491;"EKATALOG"
"005/PHI-QUO-EKAT/I/2021";2021-01-20;"Necisius Wahyu Adhimasto";"RSUD Bangil";"ADAPTER";384000;"EKATALOG"
"005/PHI-QUO-EKAT/I/2021";2021-01-20;"Necisius Wahyu Adhimasto";"RSUD Bangil";"01-90-3100";132000;"EKATALOG"
"005/PHI-QUO-EKAT/I/2021";2021-01-20;"Necisius Wahyu Adhimasto";"RSUD Bangil";"22-11-0006P";239000;"EKATALOG"
"001/PHI-QUO/EKAT/VI/2021/PS125";2021-06-08;"Dwi Raharjo";"RSUD Bekasi";"VNL8-J10 Set";603995400;"EKATALOG"
"001/PHI-QUO/EKAT/V/2021/PS115";2021-05-20;"Tika Wulandari";"RSUP Persahabatan";"L599-600";302000;"EKATALOG"
"001/PHI-QUO/EKAT/VI/2021/PS125";2021-06-08;"Dwi Raharjo";"RSUD Bekasi";"VNL11-J10";371708727;"EKATALOG"
"001/PHI-QUO/EKAT/V/2021/PS115";2021-05-20;"Tika Wulandari";"RSUP Persahabatan";"890113";81000;"EKATALOG"
"001/PHI-QUO/EKAT/V/2021/PS115";2021-05-20;"Tika Wulandari";"RSUP Persahabatan";"L595161-10";40000;"EKATALOG"
"001/PHI-QUO/EKAT/V/2021/PS115";2021-05-20;"Tika Wulandari";"RSUP Persahabatan";"64020";55000;"EKATALOG"
"001/PHI-QUO/EKAT/VI/2021/PS125";2021-06-08;"Dwi Raharjo";"RSUD Bekasi";"EPK-3000";486753258;"EKATALOG"
"001/PHI-QUO/EKAT/VI/2021/PS125";2021-06-08;"Dwi Raharjo";"RSUD Bekasi";"VNL15-J10";394379973;"EKATALOG"
"001/PHI-QUO/EKAT/I/2021/PS163";2021-02-05;"Hamzah Safii";"RSUD Dr. Zainoel Abidin";"ADAPTER";384000;"EKATALOG"
"001/PHIQUO/EKAT/I/2021/DSM11";2021-02-05;"Yohanes Bimo Satria";"RS Orthopedi Prof. Dr. R. Soeharso";"15001-03-SA1";30510000;"EKATALOG"
"001/PHI-QUO/ECAT/II/2021/PS018";2021-02-05;"Dedik Vinji Tirawan";"RSU Dr Sudarso PTK";"450-0204";30031000;"EKATALOG"
"001/PHI-QUI/EKAT/II/2021/DSC-13";2021-02-23;"Arthur Christian";"Dinas Kesehatan Provinsi Banten";"01-90-3100";132000;"EKATALOG"
"001/PHO-QUO/EKAT/II/2021/PS177";2021-02-25;"Afif Maulana Ulilamri";"RSUD Dr.SOEDIRMAN KEBUMEN";"34-10-0025";56100000;"EKATALOG"
"007/PHI-QUO/EKAT/VI/2021/PS125";2021-06-21;"Dwi Raharjo";"RS Jiwa Duren Sawit";"64378";1060000;"EKATALOG"
"01/PHI-QUO/EKAT/III/2021/PS087";2021-03-01;"Indra Friansyah";"RSPAD Gatot Soebroto";"22-14-0100";3553000;"EKATALOG"
"01/PHI-QUO/EKAT/III/2021/PS087";2021-03-01;"Indra Friansyah";"RSPAD Gatot Soebroto";"20-08-0008";592473;"EKATALOG"
"01/PHI-QUO/EKAT/III/2021/PS087";2021-03-01;"Indra Friansyah";"RSPAD Gatot Soebroto";"01-90-3100";132000;"EKATALOG"
"001/PHI-QUO/EKAT/III/2021/PS163";2021-03-01;"Hamzah Safii";"RSUD Dr. Zainoel Abidin";"ADAPTER";38400000;"EKATALOG"
"01/PHI-QUO/EKAT/III/2021/PS087";2021-03-01;"Indra Friansyah";"RSPAD Gatot Soebroto";"ADAPTER";384000;"EKATALOG"
"01/PHI-QUO/EKAT/III/2021/PS087";2021-03-01;"Indra Friansyah";"RSPAD Gatot Soebroto";"22-11-0006P";239000;"EKATALOG"
"01/PHI-QUO/EKAT/III/2021/PS087";2021-03-01;"Indra Friansyah";"RSPAD Gatot Soebroto";"20-02-0150";91000;"EKATALOG"
"001/PHI-QUO/EKAT/III/2021/PS125";2021-03-02;"Dwi Raharjo";"RSUD Bekasi";"22-14-0100";3553000;"EKATALOG"
"001/PHI-QUO/EKAT/III/2021/PS125";2021-03-02;"Dwi Raharjo";"RSUD Bekasi";"22-11-0006";628000;"EKATALOG"
"001/PHI-QUO/EKAT/III/2021/PS125";2021-03-02;"Dwi Raharjo";"RSUD Bekasi";"22-11-0004";208000;"EKATALOG"
"001/PHI-QUO/EKAT/III/2021/PS125";2021-03-02;"Dwi Raharjo";"RSUD Bekasi";"22-93-5001";349000;"EKATALOG"
"001/PHI-QUO/EKAT/III/2021/PS125";2021-03-02;"Dwi Raharjo";"RSUD Bekasi";"22-10-0008";2155000;"EKATALOG"
"001/PHI-QUO/EKAT/III/2021/PS125";2021-03-02;"Dwi Raharjo";"RSUD Bekasi";"01-90-3100";2640000;"EKATALOG"
"001/PHI-QUO/EKAT/III/2021/PS125";2021-03-02;"Dwi Raharjo";"RSUD Bekasi";"ADAPTER";384000;"EKATALOG"
"02/PHI-QUO/EKAT/III/2021/PS087";2021-03-03;"Indra Friansyah";"RSPAD Gatot Soebroto";"22-14-0100";10659000;"EKATALOG"
"02/PHI-QUO/EKAT/III/2021/PS087";2021-03-03;"Indra Friansyah";"RSPAD Gatot Soebroto";"20-08-0008";1777419;"EKATALOG"
"02/PHI-QUO/EKAT/III/2021/PS087";2021-03-03;"Indra Friansyah";"RSPAD Gatot Soebroto";"01-90-3100";396000;"EKATALOG"
"02/PHI-QUO/EKAT/III/2021/PS087";2021-03-03;"Indra Friansyah";"RSPAD Gatot Soebroto";"22-11-0006P";717000;"EKATALOG"
"02/PHI-QUO/EKAT/III/2021/PS087";2021-03-03;"Indra Friansyah";"RSPAD Gatot Soebroto";"ADAPTER";1152000;"EKATALOG"
"02/PHI-QUO/EKAT/III/2021/PS087";2021-03-03;"Indra Friansyah";"RSPAD Gatot Soebroto";"20-02-0150";273000;"EKATALOG"
"002/PHI-QUO/EKAT/III/2021/PS-177";2021-03-24;"Afif Maulana Ulilamri";"RSUD Ajibarang";"64378";2510800;"EKATALOG"
"001/PHI-QUO/EKAT/IV/2021/PS187";2021-04-05;"Hamdani";"RSUD Pariaman";"L599-650";285000;"EKATALOG"
"001/PHI-QUO/EKAT/IV/2021/PS187";2021-04-05;"Hamdani";"RSUD Pariaman";"L595161-10";38000;"EKATALOG"
"001/PHI-QUO/EKAT/IV/2021/PS187";2021-04-05;"Hamdani";"RSUD Pariaman";"64020";81000;"EKATALOG"
"001/PHI-QUO/EKAT/IV/2021/PS187";2021-04-05;"Hamdani";"RSUD Pariaman";"L599-600";354091;"EKATALOG"
"001/PHI-QUO/EKAT/IV/2021/PS187";2021-04-05;"Hamdani";"RSUD Pariaman";"L595162-10";38000;"EKATALOG"
"001/PHI-QUO/EKAT/IV/2021/PS187";2021-04-05;"Hamdani";"RSUD Pariaman";"23006";1837000;"EKATALOG"
"001/PHI-QUO/EKAT/IV/2021/PS187";2021-04-05;"Hamdani";"RSUD Pariaman";"ADAPTER";384000;"EKATALOG"
"002/PHI-QUO/EKAT/VII/2021/PS-184";2021-04-05;"David Ronald";"RSUP Prof. Dr. R. D. Kandou";"15001-13";720012;"EKATALOG"
"002/PHI-QUO/EKAT/VII/2021/PS-184";2021-04-05;"David Ronald";"RSUP Prof. Dr. R. D. Kandou";"15001-03-A";382000;"EKATALOG"
"002/PHI-QUO/EKAT/VII/2021/PS-184";2021-04-05;"David Ronald";"RSUP Prof. Dr. R. D. Kandou";"15001-13-A";404000;"EKATALOG"
"002/PHI-QUO/EKAT/VII/2021/PS-184";2021-04-05;"David Ronald";"RSUP Prof. Dr. R. D. Kandou";"15001-03T";2147000;"EKATALOG"
"002/PHI-QUO/EKAT/VII/2021/PS-184";2021-04-05;"David Ronald";"RSUP Prof. Dr. R. D. Kandou";"15001-03P";797000;"EKATALOG"
"002/PHI-QUO/EKAT/VII/2021/PS-184";2021-04-05;"David Ronald";"RSUP Prof. Dr. R. D. Kandou";"15001-03-SA1";2034000;"EKATALOG"
"002/PHI-QUO/EKAT/VII/2021/PS-184";2021-04-05;"David Ronald";"RSUP Prof. Dr. R. D. Kandou";"15001-03-SD1";978000;"EKATALOG"
"002/PHI-QUO/EKAT/VII/2021/PS-184";2021-04-05;"David Ronald";"RSUP Prof. Dr. R. D. Kandou";"TB60-SA1";3987000;"EKATALOG"
"002/PHI-QUO/EKAT/VII/2021/PS-184";2021-04-05;"David Ronald";"RSUP Prof. Dr. R. D. Kandou";"TB60-SD1";2931000;"EKATALOG"
"002/PHI-QUO/EKAT/VII/2021/PS-184";2021-04-05;"David Ronald";"RSUP Prof. Dr. R. D. Kandou";"TB211-SA1";5130000;"EKATALOG"
"002/PHI-QUO/EKAT/VII/2021/PS-184";2021-04-05;"David Ronald";"RSUP Prof. Dr. R. D. Kandou";"TB211-SD1";4074000;"EKATALOG"
"002/PHI-QUO/EKAT/VII/2021/PS-184";2021-04-05;"David Ronald";"RSUP Prof. Dr. R. D. Kandou";"T10118-SA1";7935000;"EKATALOG"
"002/PHI-QUO/EKAT/VII/2021/PS-184";2021-04-05;"David Ronald";"RSUP Prof. Dr. R. D. Kandou";"T10118-SD1";6878000;"EKATALOG"
"001/PHI-QUO/EKAT/IV/2021/Ps-042";2021-04-13;"Necisius Wahyu Adhimasto";"RSUD Sidoarjo";"22-13-0100";14412000;"EKATALOG"
"001/PHI-QUO/EKAT/IV/2021/Ps-042";2021-04-13;"Necisius Wahyu Adhimasto";"RSUD Sidoarjo";"ADAPTER";1536000;"EKATALOG"
"005/PHI-QUO/EKAT/III/2021/PS022";2021-04-26;"Edi Mulyadi, SE";"RS Kanker Dharmais";"01-90-3100";132000;"EKATALOG"
"004/PHI-QUO/EKAT/V/2021/PS022";2021-05-24;"Edi Mulyadi, SE";"RS Kanker Dharmais";"01-90-3100";108000;"EKATALOG"
"001/Quo/EKAT/V/Ps-042";2021-05-28;"Necisius Wahyu Adhimasto";"RSUD Dr. R. Sosodoro Djatikoesoemo";"22-13-0100-SA";8201000;"EKATALOG"
"004/PHI-QUO/VI/Ps-042";2021-06-02;"Necisius Wahyu Adhimasto";"RSUD Dr. R. Sosodoro Djatikoesoemo";"01-90-3100";108000;"EKATALOG"
"003/PHI-QUO/EKAT/IV/2021/PS163";2021-04-13;"Hamzah Safii";"RSU Cut Meutia Lhoksemawe";"VNL15-J10";390827000;"EKATALOG"
"003/PHI-QUO/EKAT/IV/2021/PS163";2021-04-13;"Hamzah Safii";"RSU Cut Meutia Lhoksemawe";"SHA-P5";13406000;"EKATALOG"
"008/PHI-QUO/EKAT/VI/2021/PS163";2021-06-04;"Hamzah Safii";"RSUD Dr. Zainoel Abidin";"65401";1238000;"EKATALOG"
"001/PHI-QUO/EKAT/VI/2021/PS115";2021-06-07;"Tika Wulandari";"RSUP Persahabatan";"L595161-10";40000;"EKATALOG"
"008/PHI-QUO/EKAT/VI/2021/PS163";2021-06-04;"Hamzah Safii";"RSUD Dr. Zainoel Abidin";"12-02-1000";33670000;"EKATALOG"
"001/PHI-QUO/EKAT/VI/2021/PS115";2021-06-07;"Tika Wulandari";"RSUP Persahabatan";"64020";55000;"EKATALOG"
"001/PHI-QUO/EKAT/VI/2021/PS115";2021-06-07;"Tika Wulandari";"RSUP Persahabatan";"890113";81000;"EKATALOG"
"001/PHI-QUO/EKAT/VI/2021/PS115";2021-06-07;"Tika Wulandari";"RSUP Persahabatan";"L599-600";302000;"EKATALOG"
"002/PHI-QUO/EKAT/VI/2021/PS115";2021-06-07;"Tika Wulandari";"RSUP Persahabatan";"L599-650";300000;"EKATALOG"
"002/PHI-QUO/EKAT/VI/2021/PS115";2021-06-07;"Tika Wulandari";"RSUP Persahabatan";"64020";55000;"EKATALOG"
"002/PHI-QUO/EKAT/VI/2021/PS115";2021-06-07;"Tika Wulandari";"RSUP Persahabatan";"L595162-10";42000;"EKATALOG"
"002/PHI-QUO/EKAT/VI/2021/PS115";2021-06-07;"Tika Wulandari";"RSUP Persahabatan";"890113";81000;"EKATALOG"
"002/PHI-QUO/IX/2021/PS-042";2021-09-30;"Necisius Wahyu Adhimasto";"RSUD Dr. R. Sosodoro Djatikoesoemo";"01-90-3100";2160000;"EKATALOG"
"002/PHI-QUO/EKAT/VI/2021/PS125";2021-06-09;"Dwi Raharjo";"RSUD Bekasi";"22-14-0100-SA";94080000;"EKATALOG"
"002/PHI-QUO/EKAT/VI/2021/PS125";2021-06-09;"Dwi Raharjo";"RSUD Bekasi";"S615725D";5824000;"EKATALOG"
"002/PHI-QUO/EKAT/VI/2021/PS125";2021-06-09;"Dwi Raharjo";"RSUD Bekasi";"01-90-3100";37800000;"EKATALOG"
"003/PHI-QUO/EKAT/VI/2021/PS125";2021-06-09;"Dwi Raharjo";"RSUD Kabupaten Bekasi";"15001-03T-SA";138656000;"EKATALOG"
"004/PHI-QUO/EKAT/VI/2021/PS125";2021-06-09;"Dwi Raharjo";"RSUD Kabupaten Bekasi";"23003-SA";2813000;"EKATALOG"
"001/PHI-QUO/EKAT/VIII/2021/PS009";2021-08-10;"Aryo Yulius";"RSKIA Astana Anyar";"01-90-3100";108000;"EKATALOG"
"007/PHI-QUO/EKAT/VI/Ps-042";2021-06-11;"Necisius Wahyu Adhimasto";"RSUD Sidoarjo";"22-14-0100-SD";4713000;"EKATALOG"
"008/PHI-QUO/EKAT/VI/2021/PS125";2021-06-25;"Dwi Raharjo";"RSUD Bekasi";"15001-03-SA";1964000;"EKATALOG"
"005/PHI-QUO/EKAT/VI/2021/PS125";2021-06-14;"Dwi Raharjo";"RSUD Bekasi";"22-18-0100-SA";8167000;"EKATALOG"
"005/PHI-QUO/EKAT/VI/2021/PS125";2021-06-14;"Dwi Raharjo";"RSUD Bekasi";"01-90-3100";1512000;"EKATALOG"
"005/PHI-QUO/EKAT/VI/2021/PS125";2021-06-14;"Dwi Raharjo";"RSUD Bekasi";"S615725D";64000;"EKATALOG"
"001/PHI-QUO/EKAT/VI/2021/PS169";2021-06-14;"Sepri Marolob Saragih";"RSUD Cengkareng";"15001-03-SA";1964000;"EKATALOG"
"006/PHI-QUO/EKAT/VI/2021/PS125";2021-06-21;"Dwi Raharjo";"RSUD Pondok Gede";"L599-130";216000;"EKATALOG"
"006/PHI-QUO/EKAT/VI/2021/PS125";2021-06-21;"Dwi Raharjo";"RSUD Pondok Gede";"64020";55000;"EKATALOG"
"006/PHI-QUO/EKAT/VI/2021/PS125";2021-06-21;"Dwi Raharjo";"RSUD Pondok Gede";"890113";81000;"EKATALOG"
"006/PHI-QUO/EKAT/VI/2021/PS125";2021-06-21;"Dwi Raharjo";"RSUD Pondok Gede";"LPEEP";80000;"EKATALOG"
"007/PHI-QUO/EKAT/VI/2021/PS125";2021-06-21;"Dwi Raharjo";"RS Jiwa Duren Sawit";"23003-SD";95350000;"EKATALOG"
"007/PHI-QUO/EKAT/VI/2021/PS125";2021-06-21;"Dwi Raharjo";"RS Jiwa Duren Sawit";"15001-03-SA";98200000;"EKATALOG"
"007/PHI-QUO/EKAT/VI/2021/PS125";2021-06-21;"Dwi Raharjo";"RS Jiwa Duren Sawit";"34-10-0025";28620000;"EKATALOG"
"009/PHI-QUO/EKAT/VI/2021/PS125";2021-06-25;"Dwi Raharjo";"RSUD Bekasi";"23003-SA";2813000;"EKATALOG"
"009/PHI-QUO/EKAT/VI/2021/PS125";2021-06-25;"Dwi Raharjo";"RSUD Bekasi";"64378";212000;"EKATALOG"
"005/PHI-QUO/EKAT/VII/2021/PS125";2021-07-13;"Dwi Raharjo";"RSUD Bekasi";"15001-03P-SA";2198000;"EKATALOG"
"001/PHI-QUO/EKAT/VII/2021/PS177";2021-07-02;"Afif Maulana Ulilamri";"RSUD Prof. Dr. Margono Soekarjo";"65401";619000;"EKATALOG"
"001/PHI-QUO/EKAT/VII/2021/PS125";2021-07-02;"Dwi Raharjo";"RSUD Bekasi";"15001-03P-SA";28574000;"EKATALOG"
"001/PHI-QUO/EKAT/VII/2021/PS125";2021-07-02;"Dwi Raharjo";"RSUD Bekasi";"12-02-1000";6253000;"EKATALOG"
"002/PHI-QUO/EKAT/VII/2021/PS125";2021-07-02;"Dwi Raharjo";"RSUD Bekasi";"TB30";13660000;"EKATALOG"
"003/PHI-QUO/EKAT/VII/2021/PS125";2021-07-02;"Dwi Raharjo";"RSUD Kabupaten Bekasi";"EPK-3000";486753258;"EKATALOG"
"003/PHI-QUO/EKAT/VII/2021/PS125";2021-07-02;"Dwi Raharjo";"RSUD Kabupaten Bekasi";"VNL8-J10 Set";598554000;"EKATALOG"
"003/PHI-QUO/EKAT/VII/2021/PS125";2021-07-02;"Dwi Raharjo";"RSUD Kabupaten Bekasi";"VNL11-J10";368360000;"EKATALOG"
"003/PHI-QUO/EKAT/VII/2021/PS125";2021-07-02;"Dwi Raharjo";"RSUD Kabupaten Bekasi";"SHA-P5";13406000;"EKATALOG"
"001/PHI-QUO/EKAT/VII/2021/PS022";2021-07-06;"Edi Mulyadi, SE";"RSUD Kota Bogor";"23003-SA";2813000;"EKATALOG"
"004/PHI-QUO/EKAT/VII/2021/PS125";2021-07-07;"Dwi Raharjo";"RSUD Bekasi";"23006";2218000;"EKATALOG"
"004/PHI-QUO/EKAT/VII/2021/PS125";2021-07-07;"Dwi Raharjo";"RSUD Bekasi";"12-02-1000";481000;"EKATALOG"
"006/PHI-QUO/EKAT/VII/2021/PS125";2021-07-13;"Dwi Raharjo";"RSUD Bekasi";"15001-03T-SA";4333000;"EKATALOG"
"007/PHI-QUO/EKAT/VII/2021/PS125";2021-07-15;"Dwi Raharjo";"Dinas Kesehatan Kota Bekasi";"15001-03-SA";49100000;"EKATALOG"
"007/PHI-QUO/EKAT/VII/2021/PS125";2021-07-15;"Dwi Raharjo";"Dinas Kesehatan Kota Bekasi";"23003-SA";98455000;"EKATALOG"
"007/PHI-QUO/EKAT/VII/2021/PS125";2021-07-15;"Dwi Raharjo";"Dinas Kesehatan Kota Bekasi";"64378";2650000;"EKATALOG"
"008/PHI-QUO/EKAT/VII/2021/PS125";2021-07-30;"Dwi Raharjo";"RSUD Kecamatan Ciracas";"15001-03T-SA";4333000;"EKATALOG"
"002/PHI-QUO/EKAT/VI/2021/PS084";2021-08-01;"Sarasita Herlianto P.";"RSUD Dr Pirngadi";"VNL15-J10";390827000;"EKATALOG"
"001/PHI-QUO/EKAT/VIII/2021/PS125";2021-08-05;"Dwi Raharjo";"RSUD Kabupaten Bekasi";"15001-03-SA";1964000;"EKATALOG"
"002/PHI-QUO/EKAT/VIII/2021/PS125";2021-08-05;"Dwi Raharjo";"RSUD Kabupaten Bekasi";"15001-03T-SA";4333000;"EKATALOG"
"001/PHI-QUO/EKAT/VII/2021/PS133";2021-08-07;"Saepudin Dedi";"RSUD Bayu Asih";"64378";53000;"EKATALOG"
"001/PHI-QUO/EKAT/VIII/2021/PS133";2021-08-07;"Saepudin Dedi";"RSUD Bayu Asih";"64378";53000;"EKATALOG"
"002/PHI-QUO/EKAT/VIII/2021/PS022";2021-08-30;"Edi Mulyadi, SE";"RSUD Kecamatan Jagakarsa";"31-21-3271";2823000;"EKATALOG"
"001/PHI-QUO/EKAT/IX/2021/PS194";2021-09-22;"Ida Ayu Putri Suryantini";"RSUP Sanglah";"EPK-3000";486753258;"EKATALOG"
"001/PHI-QUO/EKAT/IX/2021/PS194";2021-09-22;"Ida Ayu Putri Suryantini";"RSUP Sanglah";"VNL8-J10 Set";598554000;"EKATALOG"
"001/PHI-QUO/EKAT/IX/2021/PS194";2021-09-22;"Ida Ayu Putri Suryantini";"RSUP Sanglah";"VNL15-J10";390827000;"EKATALOG"
"001/PHI-QUO/EKAT/IX/2021/PS194";2021-09-22;"Ida Ayu Putri Suryantini";"RSUP Sanglah";"VNL11-J10";368360000;"EKATALOG"
"001/PHI-QUO/EKAT/IX/2021/PS194";2021-09-22;"Ida Ayu Putri Suryantini";"RSUP Sanglah";"SHA-P5";26812000;"EKATALOG"
"005/PHI-QUO/EKAT/VII/2021/PS125";2021-07-13;"Dwi Raharjo";"RSUD Bekasi";"12-02-1000";481000;"EKATALOG"
"003/PHI-QVO/EKAT/X/2021/PS194";2021-10-08;"Ida Ayu Putri Suryantini";"RSUD Kota Mataram";"EPK-3000";486753258;"EKATALOG"
"003/PHI-QVO/EKAT/X/2021/PS194";2021-10-08;"Ida Ayu Putri Suryantini";"RSUD Kota Mataram";"VNL15-J10 Set";621544000;"EKATALOG"
"006/PHI-QUO/EKAT/X/2021/PS194";2021-10-29;"Ida Ayu Putri Suryantini";"RSUD Tabanan";"22-11-0004";253000;"EKATALOG"
"006/PHI-QUO/EKAT/X/2021/PS194";2021-10-29;"Ida Ayu Putri Suryantini";"RSUD Tabanan";"22-10-0011";3316000;"EKATALOG"
"006/PHI-QUO/EKAT/X/2021/PS194";2021-10-29;"Ida Ayu Putri Suryantini";"RSUD Tabanan";"S615725D";32000;"EKATALOG"
"006/PHI-QUO/EKAT/X/2021/PS194";2021-10-29;"Ida Ayu Putri Suryantini";"RSUD Tabanan";"01-90-3100";108000;"EKATALOG"
"006/PHI-QUO/EKAT/X/2021/PS194";2021-10-29;"Ida Ayu Putri Suryantini";"RSUD Tabanan";"22-11-0006";513000;"EKATALOG"
"006/PHI-QUO/EKAT/X/2021/PS194";2021-10-29;"Ida Ayu Putri Suryantini";"RSUD Tabanan";"22-93-5001";300000;"EKATALOG"
"001/PHI-QUO/EKAT/X/2021/PS194";2021-10-18;"Ida Ayu Putri Suryantini";"RSUD Sanjiwani Gianyar";"TB211-SA1";31199000;"EKATALOG"
"001/PHI-QUO/EKAT/X/2021/PS194";2021-10-18;"Ida Ayu Putri Suryantini";"RSUD Sanjiwani Gianyar";"T10118-SA1";45630000;"EKATALOG"
"001/PHI-QUO/EKAT/X/2021/PS194";2021-10-18;"Ida Ayu Putri Suryantini";"RSUD Sanjiwani Gianyar";"22-19-0100-SA";17398000;"EKATALOG"
"001/PHI-QUO/EKAT/X/2021/PS194";2021-10-18;"Ida Ayu Putri Suryantini";"RSUD Sanjiwani Gianyar";"22-14-0100-SA";188160000;"EKATALOG"
"001/PHI-QUO/EKAT/X/2021/PS194";2021-10-18;"Ida Ayu Putri Suryantini";"RSUD Sanjiwani Gianyar";"12-20-1000";39450000;"EKATALOG"
"001/PHI-QUO/EKAT/X/2021/PS194";2021-10-18;"Ida Ayu Putri Suryantini";"RSUD Sanjiwani Gianyar";"15001-03-SA";269068000;"EKATALOG"
"002/PHI-QUO/EKAT/IX/2021/PS125";2021-10-21;"Dwi Raharjo";"RSUD Pondok Gede";"L599-180";197000;"EKATALOG"
"002/PHI-QUO/EKAT/IX/2021/PS125";2021-10-21;"Dwi Raharjo";"RSUD Pondok Gede";"L595162-10";42000;"EKATALOG"
"002/PHI-QUO/EKAT/IX/2021/PS125";2021-10-21;"Dwi Raharjo";"RSUD Pondok Gede";"890113";81000;"EKATALOG"
"002/PHI-QUO/EKAT/IX/2021/PS125";2021-10-21;"Dwi Raharjo";"RSUD Pondok Gede";"64020";55000;"EKATALOG"
"002/PHI-QUO/EKAT/IX/2021/PS125";2021-10-21;"Dwi Raharjo";"RSUD Pondok Gede";"LPEEP";80000;"EKATALOG"
"002/PHI-QUO/EKAT/IX/2021/PS125";2021-10-21;"Dwi Raharjo";"RSUD Pondok Gede";"L535026";1280000;"EKATALOG"
"002/PHI-QUO/EKAT/IX/2021/PS125";2021-10-21;"Dwi Raharjo";"RSUD Pondok Gede";"MCH-001";1760000;"EKATALOG"
"002/PHI-QUO/EKAT/IX/2021/PS125";2021-10-21;"Dwi Raharjo";"RSUD Pondok Gede";"23006";2218000;"EKATALOG"
"003/PHI-QUO/EKAT/IX/2021/PS125";2021-10-25;"Dwi Raharjo";"RSUD Pondok Gede";"L535026";1280000;"EKATALOG"
"003/PHI-QUO/EKAT/IX/2021/PS125";2021-10-25;"Dwi Raharjo";"RSUD Pondok Gede";"MCH-001";1760000;"EKATALOG"
"003/PHI-QUO/EKAT/IX/2021/PS125";2021-10-25;"Dwi Raharjo";"RSUD Pondok Gede";"23006";2218000;"EKATALOG"
"001/PHI-QUO/EKAT/X/2021/PS125";2021-10-25;"Dwi Raharjo";"RSUD Pondok Gede";"L599-180";197000;"EKATALOG"
"001/PHI-QUO/EKAT/X/2021/PS125";2021-10-25;"Dwi Raharjo";"RSUD Pondok Gede";"L595162-10";42000;"EKATALOG"
"001/PHI-QUO/EKAT/X/2021/PS125";2021-10-25;"Dwi Raharjo";"RSUD Pondok Gede";"890113";81000;"EKATALOG"
"001/PHI-QUO/EKAT/X/2021/PS125";2021-10-25;"Dwi Raharjo";"RSUD Pondok Gede";"64020";55000;"EKATALOG"
"001/PHI-QUO/EKAT/X/2021/PS125";2021-10-25;"Dwi Raharjo";"RSUD Pondok Gede";"LPEEP";80000;"EKATALOG"
"PS001";2021-10-26;"Tiar Susilo Wibowo";"";"AHP300 TS";152855000;"EKATALOG"
"005/PHI-QUO/EKAT/X/2021/PS194";2021-10-27;"Ida Ayu Putri Suryantini";"RSUD Tabanan";"22-93-5001";2700000;"EKATALOG"
"005/PHI-QUO/EKAT/X/2021/PS194";2021-10-27;"Ida Ayu Putri Suryantini";"RSUD Tabanan";"22-11-0006";4617000;"EKATALOG"
"005/PHI-QUO/EKAT/X/2021/PS194";2021-10-27;"Ida Ayu Putri Suryantini";"RSUD Tabanan";"01-90-3100";972000;"EKATALOG"
"005/PHI-QUO/EKAT/X/2021/PS194";2021-10-27;"Ida Ayu Putri Suryantini";"RSUD Tabanan";"S615725D";288000;"EKATALOG"
"005/PHI-QUO/EKAT/X/2021/PS194";2021-10-27;"Ida Ayu Putri Suryantini";"RSUD Tabanan";"22-10-0011";29844000;"EKATALOG"
"015/phi-quo/ekat/I/2022/ps-191";2022-01-20;"Ari Budianto";"RSUD Dr. Soetomo";"TB211-SA1";4457000;"EKATALOG"
"001/PHI-QUO/EKAT/XI/2021/PS194";2021-11-08;"Ida Ayu Putri Suryantini";"RSUD Kabupaten Klungkung";"EPK-3000";486753258;"EKATALOG"
"001/PHI-QUO/EKAT/XI/2021/PS194";2021-11-08;"Ida Ayu Putri Suryantini";"RSUD Kabupaten Klungkung";"VNL15-J10 Set";621544000;"EKATALOG"
"004/PHI-QUO/EKAT/II/2022/PS125";2022-02-25;"Dwi Raharjo";"RSUD Kabupaten Bekasi";"01-90-3100";108000;"EKATALOG"
"002/PHI-QUO/EKAT/XI/2021/PS194";2021-11-15;"Ida Ayu Putri Suryantini";"RSUD Kabupaten Klungkung";"22-93-5001";1500000;"EKATALOG"
"002/PHI-QUO/EKAT/XI/2021/PS194";2021-11-15;"Ida Ayu Putri Suryantini";"RSUD Kabupaten Klungkung";"22-10-0008";8875000;"EKATALOG"
"001/PHI-QUO/EKAT/IX/2021/PS022";2021-11-22;"Edi Mulyadi, SE";"RSU Dr. Suyoto Pusrehab Kemhan";"L535026";1280000;"EKATALOG"
"001/PHI-QUO/EKAT/IX/2021/PS022";2021-11-22;"Edi Mulyadi, SE";"RSU Dr. Suyoto Pusrehab Kemhan";"MCH-001";1760000;"EKATALOG"
"001/PHI-QUO/EKAT/IX/2021/PS022";2021-11-22;"Edi Mulyadi, SE";"RSU Dr. Suyoto Pusrehab Kemhan";"23006";2218000;"EKATALOG"
"001/PHI-QUO/EKAT/XI/2021/PS125";2021-11-25;"Dwi Raharjo";"RSPAU dr. Esnawan Antariksa";"EPK-3000";486753258;"EKATALOG"
"001/PHI-QUO/EKAT/XI/2021/PS125";2021-11-25;"Dwi Raharjo";"RSPAU dr. Esnawan Antariksa";"VNL15-J10";394379973;"EKATALOG"
"002/PHI-QUO/EKAT/XI/2021/PS125";2021-11-26;"Dwi Raharjo";"Rumkit Tk II M.Ridwan Meuraksa";"EPK-3000";486753258;"EKATALOG"
"002/PHI-QUO/EKAT/XI/2021/PS125";2021-11-26;"Dwi Raharjo";"Rumkit Tk II M.Ridwan Meuraksa";"VNL8-J10 Set";603995400;"EKATALOG"
"002/PHI-QUO/EKAT/XI/2021/PS125";2021-11-26;"Dwi Raharjo";"Rumkit Tk II M.Ridwan Meuraksa";"VNL11-J10";371708727;"EKATALOG"
"002/PHI-QUO/EKAT/XI/2021/PS125";2021-11-26;"Dwi Raharjo";"Rumkit Tk II M.Ridwan Meuraksa";"VNL15-J10";394379973;"EKATALOG"
"004/PHI-QUO/EKAT/XI/2021/PS194";2021-11-27;"Ida Ayu Putri Suryantini";"RSUP Sanglah";"22-13-0100-SA";8201000;"EKATALOG"
"004/PHI-QUO/EKAT/XI/2021/PS194";2021-11-27;"Ida Ayu Putri Suryantini";"RSUP Sanglah";"23003-SA";2813000;"EKATALOG"
"004/PHI-QUO/EKAT/XI/2021/PS194";2021-11-27;"Ida Ayu Putri Suryantini";"RSUP Sanglah";"TB60-SA1";3549000;"EKATALOG"
"004/PHI-QUO/EKAT/XI/2021/PS194";2021-11-27;"Ida Ayu Putri Suryantini";"RSUP Sanglah";"TB211-SA1";4457000;"EKATALOG"
"004/PHI-QUO/EKAT/XI/2021/PS194";2021-11-27;"Ida Ayu Putri Suryantini";"RSUP Sanglah";"T10118-SA1";7605000;"EKATALOG"
"004/PHI-QUO/EKAT/XI/2021/PS194";2021-11-27;"Ida Ayu Putri Suryantini";"RSUP Sanglah";"11510-F2-D-SA";2925000;"EKATALOG"
"004/PHI-QUO/EKAT/XI/2021/PS194";2021-11-27;"Ida Ayu Putri Suryantini";"RSUP Sanglah";"15001-03T-SA";4333000;"EKATALOG"
"003)PHI-QUO/EKAT/XI/2021";2021-11-30;"Necisius Wahyu Adhimasto";"RSUD Dr. Saiful Anwar";"22-93-5002";32620000;"EKATALOG"
"005/PHI-QUO/EKAT/XI/2021/PS194";2021-11-29;"Ida Ayu Putri Suryantini";"RSUD Kabupaten Klungkung";"CP-1000 Set W/ Recording";582501000;"EKATALOG"
"003)PHI-QUO/EKAT/XI/2021";2021-11-30;"Necisius Wahyu Adhimasto";"RSUD Dr. Saiful Anwar";"22-93-5001";6000000;"EKATALOG"
"003)PHI-QUO/EKAT/XI/2021";2021-11-30;"Necisius Wahyu Adhimasto";"RSUD Dr. Saiful Anwar";"22-10-0008";284000000;"EKATALOG"
"001/PHI-QUO/EKAT/I/2022/PS133";2022-01-17;"Saepudin Dedi";"Rumkit Tk II Dustira Cimahi";"TB60-SA1";3549000;"EKATALOG"
"005/PHI-QUO/XII/EKAT/PS-195";2021-12-16;"Dian Novita (deenov)";"RSUD Dr. Moh Saleh Probolinggo";"EPK-3000";486753258;"EKATALOG"
"005/PHI-QUO/XII/EKAT/PS-195";2021-12-16;"Dian Novita (deenov)";"RSUD Dr. Moh Saleh Probolinggo";"VNL8-J10 Set";598554000;"EKATALOG"
"005/PHI-QUO/XII/EKAT/PS-195";2021-12-16;"Dian Novita (deenov)";"RSUD Dr. Moh Saleh Probolinggo";"VNL15-J10";390827000;"EKATALOG"
"001/phi/quo/ekat/XII/2021/ps-191";2021-12-17;"Ari Budianto";"RSUD Dr. Soetomo";"EPK-3000";486753258;"EKATALOG"
"001/phi/quo/ekat/XII/2021/ps-191";2021-12-17;"Ari Budianto";"RSUD Dr. Soetomo";"VNL15-J10 Set";621544000;"EKATALOG"
"012/phi-quo/ekat/I/2022/ps-191";2022-01-06;"Ari Budianto";"RSUD Dr. Soetomo";"VNL15-J10 Set";621544000;"EKATALOG"
"010/phi-quo/ekat/I/2022/ps-191";2022-01-06;"Ari Budianto";"RSUD Dr. Soetomo";"VNL8-J10";367837000;"EKATALOG"
"010/phi-quo/ekat/I/2022/ps-191";2022-01-06;"Ari Budianto";"RSUD Dr. Soetomo";"VNL15-J10 Set";621544000;"EKATALOG"
"001/PHI-QUO/EKAT/XII/2021/PS194";2021-12-29;"Ida Ayu Putri Suryantini";"RSUP Sanglah";"EPK-3000";486753258;"EKATALOG"
"001/PHI-QUO/EKAT/XII/2021/PS194";2021-12-29;"Ida Ayu Putri Suryantini";"RSUP Sanglah";"VNL8-J10";367837000;"EKATALOG"
"001/PHI-QUO/EKAT/XII/2021/PS194";2021-12-29;"Ida Ayu Putri Suryantini";"RSUP Sanglah";"VNL15-J10";390827000;"EKATALOG"
"010/phi-quo/ekat/I/2022/ps-191";2022-01-06;"Ari Budianto";"RSUD Dr. Soetomo";"EPK-3000";486753258;"EKATALOG"
"012/phi-quo/ekat/I/2022/ps-191";2022-01-06;"Ari Budianto";"RSUD Dr. Soetomo";"EPK-3000";486753258;"EKATALOG"
"001/PHI-QUO/EKAT/I/2022/PS194";2022-01-05;"Ida Ayu Putri Suryantini";"UPT RS NYITDAH";"VNL15-J10";390827000;"EKATALOG"
"011/phi-quo/ekat/I/2022/ps-191";2022-01-06;"Ari Budianto";"RSUD Dr. Soetomo";"EPK-3000";486753258;"EKATALOG"
"001/PHI-QUO/EKAT/I/2022/PS194";2022-01-05;"Ida Ayu Putri Suryantini";"UPT RS NYITDAH";"VNL8-J10 Set";598554000;"EKATALOG"
"011/phi-quo/ekat/I/2022/ps-191";2022-01-06;"Ari Budianto";"RSUD Dr. Soetomo";"VNL15-J10 Set";621544000;"EKATALOG"
"001/PHI-QUO/EKAT/I/2022/PS194";2022-01-05;"Ida Ayu Putri Suryantini";"UPT RS NYITDAH";"EPK-3000";486753258;"EKATALOG"
"001/PHI-QUO/EKAT/I/2022/PS125";2022-01-04;"Dwi Raharjo";"RSUD Kabupaten Bekasi";"G180CE-JAR";22103000;"EKATALOG"
"006/PHI-QUO/EKAT/I/2022/PS-195";2022-01-03;"Dian Novita (deenov)";"RSUD Dr. Soebandi";"VNL15-J10";390827000;"EKATALOG"
"006/PHI-QUO/EKAT/I/2022/PS-195";2022-01-03;"Dian Novita (deenov)";"RSUD Dr. Soebandi";"VNL8-J10";367837000;"EKATALOG"
"002/PHI-QUO/EKAT/I/2022/PS198";2022-01-03;"Ria Ance Isnaeni";"RSUD Banten";"S615725D";32000;"EKATALOG"
"002/PHI-QUO/EKAT/I/2022/PS198";2022-01-03;"Ria Ance Isnaeni";"RSUD Banten";"01-90-3100";108000;"EKATALOG"
"012/phi-quo/ekat/I/2022/ps-191";2022-01-06;"Ari Budianto";"RSUD Dr. Soetomo";"VNL8-J10";367837000;"EKATALOG"
"013/phi-quo/ekat/I/2022/ps-191";2022-01-06;"Ari Budianto";"RSUD Dr. Soetomo";"EPK-3000";486753258;"EKATALOG"
"013/phi-quo/ekat/I/2022/ps-191";2022-01-06;"Ari Budianto";"RSUD Dr. Soetomo";"VNL15-J10 Set";621544000;"EKATALOG"
"014/phi-quo/ekat/I/2022/ps-191";2022-01-06;"Ari Budianto";"RSUD Dr. Soetomo";"EPK-3000";486753258;"EKATALOG"
"014/phi-quo/ekat/I/2022/ps-191";2022-01-06;"Ari Budianto";"RSUD Dr. Soetomo";"VNL15-J10 Set";621544000;"EKATALOG"
"014/phi-quo/ekat/I/2022/ps-191";2022-01-06;"Ari Budianto";"RSUD Dr. Soetomo";"VNL8-J10";367837000;"EKATALOG"
"002/PHI-QUO/EKAT/I/2022/PS194";2022-01-10;"Ida Ayu Putri Suryantini";"RS Bhayangkara";"G180CE-JAR";22103000;"EKATALOG"
"002/PHI-QUO/EKAT/I/2022/PS194";2022-01-10;"Ida Ayu Putri Suryantini";"RS Bhayangkara";"23003-SA";2813000;"EKATALOG"
"002/PHI-QUO/EKAT/I/2022/PS194";2022-01-10;"Ida Ayu Putri Suryantini";"RS Bhayangkara";"22-14-0100-SA";6720000;"EKATALOG"
"003/PHI-QUO/EKAT/I/2022/PS194";2022-01-10;"Ida Ayu Putri Suryantini";"RS Bhayangkara";"11510-F2-D-SA";2925000;"EKATALOG"
"003/PHI-QUO/EKAT/I/2022/PS194";2022-01-10;"Ida Ayu Putri Suryantini";"RS Bhayangkara";"TB211-SA1";4457000;"EKATALOG"
"004/PHI-QUO/EKAT/I/2022/PS194";2022-01-25;"Ida Ayu Putri Suryantini";"RSUD Provinsi NTB";"EPK-3000";486753258;"EKATALOG"
"004/PHI-QUO/EKAT/I/2022/PS194";2022-01-25;"Ida Ayu Putri Suryantini";"RSUD Provinsi NTB";"VNL15-J10 Set";621544000;"EKATALOG"
"004/PHI-QUO/EKAT/I/2022/PS194";2022-01-25;"Ida Ayu Putri Suryantini";"RSUD Provinsi NTB";"VNL11-J10";368360000;"EKATALOG"
"004/PHI-QUO/EKAT/I/2022/PS194";2022-01-25;"Ida Ayu Putri Suryantini";"RSUD Provinsi NTB";"VNL8-J10";367837000;"EKATALOG"
"005/PHI-QUO/EKAT/I/2022/PS194";2022-01-25;"Ida Ayu Putri Suryantini";"RSUD Provinsi NTB";"AHP300 TS";152855000;"EKATALOG"
"005/PHI-QUO/EKAT/I/2022/PS194";2022-01-25;"Ida Ayu Putri Suryantini";"RSUD Provinsi NTB";"G180CE-JAR";486266000;"EKATALOG"
"001/PHI-QUO/EKAT/XI/2021/PS125";2021-11-25;"Dwi Raharjo";"RSPAU dr. Esnawan Antariksa";"VNL11-J10 Set";604524164;"EKATALOG"
"005/PHI-QUO/EKAT/III/2022/PS-191";2022-03-02;"Ari Budianto";"RSUD Dr Soegiri Lamongan";"TB60-SA1";3549000;"EKATALOG"
"005/PHI-QUO/EKAT/III/2022/PS-191";2022-03-02;"Ari Budianto";"RSUD Dr Soegiri Lamongan";"TB211-SA1";4457000;"EKATALOG"
"001/PHI-QUO/EKAT/II/2022/PS125";2022-02-03;"Dwi Raharjo";"RSUD Cipayung";"15001-03P-SA";2217981.82;"EKATALOG"
"002/PHI-QUO/EKAT/II/2022/PS125";2022-02-08;"Dwi Raharjo";"RSU Bhayangkara Tk. I R.Said Sukamto";"01-63-3060";26325000;"EKATALOG"
"001/phi-quo/ekat/II/2022/ps-191";2022-02-08;"Ari Budianto";"RSUD Padangan";"VNL8-J10 Set";598554000;"EKATALOG"
"001/phi-quo/ekat/II/2022/ps-191";2022-02-08;"Ari Budianto";"RSUD Padangan";"EPK-3000";486753258;"EKATALOG"
"001/phi-quo/ekat/II/2022/ps-191";2022-02-08;"Ari Budianto";"RSUD Padangan";"VNL15-J10";390827000;"EKATALOG"
"002/phi-quo/ekat/II/2022/ps-191";2022-02-09;"Ari Budianto";"RSUD Padangan";"EPK-3000";486753258;"EKATALOG"
"002/phi-quo/ekat/II/2022/ps-191";2022-02-09;"Ari Budianto";"RSUD Padangan";"VNL8-J10 Set";598554000;"EKATALOG"
"002/phi-quo/ekat/II/2022/ps-191";2022-02-09;"Ari Budianto";"RSUD Padangan";"VNL15-J10";390827000;"EKATALOG"
"003/phi-quo/ekat/II/2022/ps-191";2022-02-09;"Ari Budianto";"RSUD Padangan";"EPK-3000";486753258;"EKATALOG"
"003/phi-quo/ekat/II/2022/ps-191";2022-02-09;"Ari Budianto";"RSUD Padangan";"VNL15-J10 Set";621544000;"EKATALOG"
"003/phi-quo/ekat/II/2022/ps-191";2022-02-09;"Ari Budianto";"RSUD Padangan";"VNL8-J10";367837000;"EKATALOG"
"009/PHI-QUO/EKAT/XII/2018/PS119";2022-02-09;"Muhammad Iqbal";"RSU SAYANG RAKYAT";"336-3530";5484000;"EKATALOG"
"009/PHI-QUO/EKAT/XII/2018/PS119";2022-02-09;"Muhammad Iqbal";"RSU SAYANG RAKYAT";"336-3531";5493000;"EKATALOG"
"009/PHI-QUO/EKAT/XII/2018/PS119";2022-02-09;"Muhammad Iqbal";"RSU SAYANG RAKYAT";"337-3510";697000;"EKATALOG"
"009/PHI-QUO/EKAT/XII/2018/PS119";2022-02-09;"Muhammad Iqbal";"RSU SAYANG RAKYAT";"337-3512";697000;"EKATALOG"
"009/PHI-QUO/EKAT/XII/2018/PS119";2022-02-09;"Muhammad Iqbal";"RSU SAYANG RAKYAT";"337-3514";697000;"EKATALOG"
"009/PHI-QUO/EKAT/XII/2018/PS119";2022-02-09;"Muhammad Iqbal";"RSU SAYANG RAKYAT";"337-3518";697000;"EKATALOG"
"009/PHI-QUO/EKAT/XII/2018/PS119";2022-02-09;"Muhammad Iqbal";"RSU SAYANG RAKYAT";"337-3516";697000;"EKATALOG"
"009/PHI-QUO/EKAT/XII/2018/PS119";2022-02-09;"Muhammad Iqbal";"RSU SAYANG RAKYAT";"337-3520";697000;"EKATALOG"
"009/PHI-QUO/EKAT/XII/2018/PS119";2022-02-09;"Muhammad Iqbal";"RSU SAYANG RAKYAT";"337-3522";697000;"EKATALOG"
"009/PHI-QUO/EKAT/XII/2018/PS119";2022-02-09;"Muhammad Iqbal";"RSU SAYANG RAKYAT";"337-3526";697000;"EKATALOG"
"009/PHI-QUO/EKAT/XII/2018/PS119";2022-02-09;"Muhammad Iqbal";"RSU SAYANG RAKYAT";"337-3530";697000;"EKATALOG"
"009/PHI-QUO/EKAT/XII/2018/PS119";2022-02-09;"Muhammad Iqbal";"RSU SAYANG RAKYAT";"337-3524";697000;"EKATALOG"
"009/PHI-QUO/EKAT/XII/2018/PS119";2022-02-09;"Muhammad Iqbal";"RSU SAYANG RAKYAT";"338-3510";813000;"EKATALOG"
"009/PHI-QUO/EKAT/XII/2018/PS119";2022-02-09;"Muhammad Iqbal";"RSU SAYANG RAKYAT";"337-3528";697000;"EKATALOG"
"009/PHI-QUO/EKAT/XII/2018/PS119";2022-02-09;"Muhammad Iqbal";"RSU SAYANG RAKYAT";"338-3514";813000;"EKATALOG"
"009/PHI-QUO/EKAT/XII/2018/PS119";2022-02-09;"Muhammad Iqbal";"RSU SAYANG RAKYAT";"338-3520";830000;"EKATALOG"
"009/PHI-QUO/EKAT/XII/2018/PS119";2022-02-09;"Muhammad Iqbal";"RSU SAYANG RAKYAT";"338-3512";813000;"EKATALOG"
"009/PHI-QUO/EKAT/XII/2018/PS119";2022-02-09;"Muhammad Iqbal";"RSU SAYANG RAKYAT";"338-3522";813000;"EKATALOG"
"009/PHI-QUO/EKAT/XII/2018/PS119";2022-02-09;"Muhammad Iqbal";"RSU SAYANG RAKYAT";"338-3518";813000;"EKATALOG"
"009/PHI-QUO/EKAT/XII/2018/PS119";2022-02-09;"Muhammad Iqbal";"RSU SAYANG RAKYAT";"338-3516";794000;"EKATALOG"
"009/PHI-QUO/EKAT/XII/2018/PS119";2022-02-09;"Muhammad Iqbal";"RSU SAYANG RAKYAT";"338-3528";813000;"EKATALOG"
"009/PHI-QUO/EKAT/XII/2018/PS119";2022-02-09;"Muhammad Iqbal";"RSU SAYANG RAKYAT";"338-3526";813000;"EKATALOG"
"009/PHI-QUO/EKAT/XII/2018/PS119";2022-02-09;"Muhammad Iqbal";"RSU SAYANG RAKYAT";"338-3524";813000;"EKATALOG"
"009/PHI-QUO/EKAT/XII/2018/PS119";2022-02-09;"Muhammad Iqbal";"RSU SAYANG RAKYAT";"338-3530";813000;"EKATALOG"
"003/PHI-QUO/EKAT/II/2022/PS125";2022-02-11;"Dwi Raharjo";"RSU Adhyaksa";"TB211-SA1";4457000;"EKATALOG"
"002/PHI-QUO/EKAT/X/2021/PS-191";2021-10-27;"Ari Budianto";"RS Paru Surabaya";"22-93-5001";300000;"EKATALOG"
"002/PHI-QUO/EKAT/X/2021/PS-191";2021-10-27;"Ari Budianto";"RS Paru Surabaya";"22-10-0008";1775000;"EKATALOG"
"002/PHI-QUO/EKAT/X/2021/PS-191";2021-10-27;"Ari Budianto";"RS Paru Surabaya";"01-90-3100";108000;"EKATALOG"
"002/PHI-QUO/EKAT/X/2021/PS-191";2021-10-27;"Ari Budianto";"RS Paru Surabaya";"S615725D";32000;"EKATALOG"
"001/PHI-QUO/EKAT/II/2022/PS194";2022-02-22;"Ida Ayu Putri Suryantini";"UPT RS NYITDAH";"CP-1000 Set W/ Recording";582501000;"EKATALOG"
"007/PHI-QUO/EKAT/III/2022/PS-191";2022-03-25;"Ari Budianto";"RSUD Ibnu Sina Kab. Gresik";"15001-03-SA";1964000;"EKATALOG"
"004/PHI-QUO/III/2022/BE-03";2022-03-25;"Hifziel Azhar";"RSU Dr Sudarso PTK";"VNL11-J10";368360000;"EKATALOG"
"003/PHI-QUO/III/2022/BE-03";2022-03-25;"Hifziel Azhar";"RSU Dr Sudarso PTK";"VNL8-J10";367837000;"EKATALOG"
"004/PHI-QUO/III/2022/BE-03";2022-03-25;"Hifziel Azhar";"RSU Dr Sudarso PTK";"VNL8-J10";367837000;"EKATALOG"
"003/PHI-QUO/EKAT/III/2022/PS022";2022-03-31;"Edi Mulyadi, SE";"RSUD Cileungsi";"01-90-3100";108000;"EKATALOG"
"001/PHI-QUO/EKAT/III/2022/DSM11";2022-03-31;"Yohanes Bimo Satria";"RSUD Salatiga";"15001-03-SA";1964000;"EKATALOG"
"001/PHI-QUO/EKAT/III/2022/DSM11";2022-03-31;"Yohanes Bimo Satria";"RSUD Salatiga";"TB211-SA1";4457000;"EKATALOG"
"001/PHI-QUO/EKAT/II/2022/PS125";2022-02-03;"Dwi Raharjo";"RSUD Cipayung";"12-02-1000";485372.73;"EKATALOG"
"001/PHI-QUO/EKAT/IV/2022/DSM11";2022-04-23;"Yohanes Bimo Satria";"";"15001-03-SA";1981855;"EKATALOG"
"001/PHI-QUO/EKAT/IV/2022/DSM11";2022-04-23;"Yohanes Bimo Satria";"";"TB211-SA1";4497518;"EKATALOG"
"003/PHI-QUO/EKAT/VI/2022/PS-191";2022-04-26;"Ari Budianto";"RSUD Dr. R. Sosodoro Djatikoesoemo";"01-90-3100";108982;"EKATALOG"
"001/PHI-QUO/EKAT/V/2022/PS-191";2022-05-10;"Ari Budianto";"RSUD Ibnu Sina Kab. Gresik";"11510-F2-D-SD";83531555;"EKATALOG"
"001/PHI-QUO/EKAT/VI/2022/PS169";2022-05-18;"Sepri Marolob Saragih";"RSUP Persahabatan";"23006";4476328;"EKATALOG"
"001/PHI-QUO/EKAT/V/2022/PS194";2022-05-22;"Ida Ayu Putri Suryantini";"RSUD Kab. Buleleng";"VNL15-J10 Set";627194400;"EKATALOG"
"001/PHI-QUO/EKAT/V/2022/PS194";2022-05-22;"Ida Ayu Putri Suryantini";"RSUD Kab. Buleleng";"VNL8-J10";371180973;"EKATALOG"
"001/PHI-QUO/EKAT/V/2022/PS194";2022-05-22;"Ida Ayu Putri Suryantini";"RSUD Kab. Buleleng";"EPK-3000";486753258;"EKATALOG"
"002/PHI-QUO/EKAT/V/2022/PS-191";2022-05-23;"Ari Budianto";"RS Bhayangkara Surabaya";"EPK-3000";486753258;"EKATALOG"
"002/PHI-QUO/EKAT/V/2022/PS-191";2022-05-23;"Ari Budianto";"RS Bhayangkara Surabaya";"VNL15-J10 Set";627194400;"EKATALOG"
"002/PHI-QUO/EKAT/V/2022/PS-191";2022-05-23;"Ari Budianto";"RS Bhayangkara Surabaya";"VNL8-J10";371180973;"EKATALOG"
"005/SPH-QUO/EKAT/V/2022/PS-191";2022-05-30;"Ari Budianto";"RSUD Dr. Soetomo";"EPK-3000";486753258;"EKATALOG"
"005/SPH-QUO/EKAT/V/2022/PS-191";2022-05-30;"Ari Budianto";"RSUD Dr. Soetomo";"VNL15-J10 Set";627194400;"EKATALOG"
"005/SPH-QUO/EKAT/V/2022/PS-191";2022-05-30;"Ari Budianto";"RSUD Dr. Soetomo";"VNL8-J10";371180973;"EKATALOG"
"001/SPH-QUO/EKAT/VI/2022/PS-191";2022-06-02;"Ari Budianto";"RSUD Dr. Mohamad Soewandhie";"CP-1000 Set W/ Recording";587796464;"EKATALOG"
"002/PHI-QUO/EKAT/VI/2022/PS194";2022-06-06;"Ida Ayu Putri Suryantini";"RSUP Sanglah";"22-13-0100-SA";8275555;"EKATALOG"
"002/PHI-QUO/EKAT/VI/2022/PS194";2022-06-06;"Ida Ayu Putri Suryantini";"RSUP Sanglah";"22-14-0100-SA";6781091;"EKATALOG"
"002/PHI-QUO/EKAT/VI/2022/PS125";2022-06-10;"Dwi Raharjo";"RSUD Kabupaten Bekasi";"AHP300 TS";154244591;"EKATALOG"
"003/PHI-QUO/EKAT/VI/2022/PS194";2022-06-20;"Ida Ayu Putri Suryantini";"RSUD Kabupaten Klungkung";"EPK-3000";486753258;"EKATALOG"
"003/PHI-QUO/EKAT/VI/2022/PS194";2022-06-20;"Ida Ayu Putri Suryantini";"RSUD Kabupaten Klungkung";"VNL15-J10 Set";627194400;"EKATALOG"
"003/PHI-QUO/EKAT/VI/2022/PS194";2022-06-20;"Ida Ayu Putri Suryantini";"RSUD Kabupaten Klungkung";"PVK-J10";357497000;"EKATALOG"
"003/PHI-QUO/EKAT/VIII/2022/PS205";2022-08-24;"Rosi Mawarni";"RSUD Pandan Arang Boyolali";"VNL15-J10";394379973;"EKATALOG"
"003/PHI-QUO/EKAT/VIII/2022/PS205";2022-08-24;"Rosi Mawarni";"RSUD Pandan Arang Boyolali";"VNL8-J10";371180973;"EKATALOG"
"003/PHI-QUO/EKAT/VIII/2022/PS205";2022-08-24;"Rosi Mawarni";"RSUD Pandan Arang Boyolali";"EPK-3000";486753258;"EKATALOG"
"003/PHI-QUO/EKAT/VI/2022/PS125";2022-06-22;"Dwi Raharjo";"Rumkit Tk II M.Ridwan Meuraksa";"G180CE-JAR";22303936;"EKATALOG"
"002/PHI-QUO/EKAT/IX/2022/PS125";2022-09-15;"Dwi Raharjo";"RSUD Kabupaten Bekasi";"AHP300 TS";181669000;"EKATALOG"
"005/PHI-QUO/EKAT/VII/2022/PS210";2022-07-06;"Putri Pertiwi Hana Arimbi";"RSUD Tugurejo Semarang";"01-90-3100";5449100;"EKATALOG"
"010/PHI-QUO/EKAT/VI/2022/205";2022-06-27;"Rosi Mawarni";"RSUD Salatiga";"22-14-0100-SD";4755845;"EKATALOG"
"003/PHI-QUO/EKAT/VI/2022/PS030";2022-06-27;"Indah Aviyantie";"RSUD Gunung Jati";"L535026";1291636;"EKATALOG"
"003/PHI-QUO/EKAT/VI/2022/PS030";2022-06-27;"Indah Aviyantie";"RSUD Gunung Jati";"23006";2238164;"EKATALOG"
"001/PHI-QUO/EKAT/Vll/2022/PS086";2022-07-01;"Heru Hermawan";"Rumah Sakit Umum Haji Surabaya";"22-93-5001";3329997;"EKATALOG"
"001/PHI-QUO/EKAT/Vll/2022/PS086";2022-07-01;"Heru Hermawan";"Rumah Sakit Umum Haji Surabaya";"22-10-0008";19702496;"EKATALOG"
"001/PHI-QUO/EKAT/Vll/2022/PS086";2022-07-01;"Heru Hermawan";"Rumah Sakit Umum Haji Surabaya";"22-11-0004";2808300;"EKATALOG"
"001/PHI-QUO/EKAT/Vll/2022/PS086";2022-07-01;"Heru Hermawan";"Rumah Sakit Umum Haji Surabaya";"22-11-0006";5694304;"EKATALOG"
"001/PHI-QUO/EKAT/Vll/2022/PS086";2022-07-01;"Heru Hermawan";"Rumah Sakit Umum Haji Surabaya";"S615725D";710402;"EKATALOG"
"004/PHI-QUO/EKAT/VII/2022/PS210";2022-07-04;"Putri Pertiwi Hana Arimbi";"RSUD K.R.M.T Wongso Negoro";"AHP300 MS";152014500;"EKATALOG"
"001/PHI-QUO/EKAT/VII/2022/PS194";2022-07-28;"Ida Ayu Putri Suryantini";"RSUD Kab. Badung Mangusada";"EPK-3000";486753258;"EKATALOG"
"001/PHI-QUO/EKAT/VII/2022/PS194";2022-07-28;"Ida Ayu Putri Suryantini";"RSUD Kab. Badung Mangusada";"VNL15-J10 Set";627194400;"EKATALOG"
"001/PHI-QUO/EKAT/VII/2022/PS194";2022-07-28;"Ida Ayu Putri Suryantini";"RSUD Kab. Badung Mangusada";"VNL8-J10";371180973;"EKATALOG"
"002/PHI-QUO/EKAT/VII/2022/PS194";2022-07-06;"Ida Ayu Putri Suryantini";"RSUD Sanjiwani Gianyar";"EPK-3000";486753258;"EKATALOG"
"002/PHI-QUO/EKAT/VII/2022/PS194";2022-07-06;"Ida Ayu Putri Suryantini";"RSUD Sanjiwani Gianyar";"VNL15-J10 Set";627194400;"EKATALOG"
"002/PHI-QUO/EKAT/VII/2022/PS194";2022-07-06;"Ida Ayu Putri Suryantini";"RSUD Sanjiwani Gianyar";"VNL8-J10";371180973;"EKATALOG"
"002/PHI-QUO/EKAT/VII/2022/PS194";2022-07-06;"Ida Ayu Putri Suryantini";"RSUD Sanjiwani Gianyar";"PVK-J10";357497000;"EKATALOG"
"001/PHI-QUO/EKAT/VII/2022/PS169";2022-07-06;"Sepri Marolob Saragih";"RSUP Persahabatan";"23006";4476328;"EKATALOG"
"034/PHI-QOU/EKAT/VII/2022/PS190";2022-07-06;"Marcella Adriyani Alda";"RSUD Bandung Kiwari";"01-90-3100";108982;"EKATALOG"
"001/PHI-QUO/EKAT/VII/2022/PS022";2022-07-14;"Edi Mulyadi, SE";"RSUI Depok";"SHA-P5";13527873;"EKATALOG"
"001/PHI-QUO/EKAT/VII/2022/PS022";2022-07-14;"Edi Mulyadi, SE";"RSUI Depok";"VNL8-J10";371180973;"EKATALOG"
"002/PHI-QUO/EKAT/VII/2022/PS022";2022-07-14;"Edi Mulyadi, SE";"RSUI Depok";"VNL15-J10";394379973;"EKATALOG"
"002/PHI-QUO/EKAT/VII/2022/PS022";2022-07-14;"Edi Mulyadi, SE";"RSUI Depok";"KA1811S";8250000;"EKATALOG"
"008/PHI-QUO/EKAT/VII/2022/PS210";2022-07-18;"Putri Pertiwi Hana Arimbi";"RSUP Dr. Kariadi";"15001-03-SA";1981855;"EKATALOG"
"008/PHI-QUO/EKAT/VII/2022/PS210";2022-07-18;"Putri Pertiwi Hana Arimbi";"RSUP Dr. Kariadi";"22-14-0100-SA";6781091;"EKATALOG"
"008/PHI-QUO/EKAT/VII/2022/PS210";2022-07-18;"Putri Pertiwi Hana Arimbi";"RSUP Dr. Kariadi";"23003-SA";2838573;"EKATALOG"
"001/PHI-QUO/EKAT/X/2022/PS-191";2022-10-05;"Ari Budianto";"RSUD Padangan";"EPK-3000";645200000;"EKATALOG"
"001/PHI-QUO/EKAT/X/2022/PS-191";2022-10-05;"Ari Budianto";"RSUD Padangan";"EE17-J10-Set";963433883;"EKATALOG"
"1/PHI-QUO/EKAT/VII/2022/PS087";2022-07-20;"Indra Friansyah";"RSUD Budhi Asih";"22-11-0004";255300;"EKATALOG"
"1/PHI-QUO/EKAT/VII/2022/PS087";2022-07-20;"Indra Friansyah";"RSUD Budhi Asih";"22-11-0006";517664;"EKATALOG"
"003/PHI-QUO/EKAT/VII/2022/PS194";2022-07-25;"Ida Ayu Putri Suryantini";"UPT RS NYITDAH";"EPK-3000";486753258;"EKATALOG"
"003/PHI-QUO/EKAT/VII/2022/PS194";2022-07-25;"Ida Ayu Putri Suryantini";"UPT RS NYITDAH";"VNL8-J10 Set";603995400;"EKATALOG"
"003/PHI-QUO/EKAT/VII/2022/PS194";2022-07-25;"Ida Ayu Putri Suryantini";"UPT RS NYITDAH";"VNL15-J10";394379973;"EKATALOG"
"003/PHI-QUO/EKAT/VII/2022/PS194";2022-07-25;"Ida Ayu Putri Suryantini";"UPT RS NYITDAH";"PVK-J10";357497000;"EKATALOG"
"004/PHI-QUO/EKAT/VII/2022/PS194";2022-07-27;"Ida Ayu Putri Suryantini";"RSUD Kab. Badung Mangusada";"EPK-3000";486753258;"EKATALOG"
"004/PHI-QUO/EKAT/VII/2022/PS194";2022-07-27;"Ida Ayu Putri Suryantini";"RSUD Kab. Badung Mangusada";"VNL15-J10 Set";627194400;"EKATALOG"
"004/PHI-QUO/EKAT/VII/2022/PS194";2022-07-27;"Ida Ayu Putri Suryantini";"RSUD Kab. Badung Mangusada";"VNL8-J10";371180973;"EKATALOG"
"004/PHI-QUO/EKAT/VII/2022/PS194";2022-07-27;"Ida Ayu Putri Suryantini";"RSUD Kab. Badung Mangusada";"PVK-J10";357497000;"EKATALOG"
"004/PHI-QUO/EKAT/VII/2022/PS194";2022-07-27;"Ida Ayu Putri Suryantini";"RSUD Kab. Badung Mangusada";"EE17-J10";549996000;"EKATALOG"
"004/PHI-QUO/EKAT/VII/2022/PS194";2022-07-27;"Ida Ayu Putri Suryantini";"RSUD Kab. Badung Mangusada";"SHA-P5";13527873;"EKATALOG"
"004/PHI-QUO/EKAT/VII/2022/PS194";2022-07-27;"Ida Ayu Putri Suryantini";"RSUD Kab. Badung Mangusada";"KA1811S";8250000;"EKATALOG"
"004/PHI-QUO/EKAT/VII/2022/PS194";2022-07-27;"Ida Ayu Putri Suryantini";"RSUD Kab. Badung Mangusada";"KW1811S";7150000;"EKATALOG"
"009/PHI-QUO/EKAT/VII/2022/PS210";2022-07-28;"Putri Pertiwi Hana Arimbi";"RSUD Tugurejo Semarang";"01-90-3928";158427;"EKATALOG"
"009/PHI-QUO/EKAT/VII/2022/PS210";2022-07-28;"Putri Pertiwi Hana Arimbi";"RSUD Tugurejo Semarang";"EPV200 Set";32195045;"EKATALOG"
"009/PHI-QUO/EKAT/VII/2022/PS210";2022-07-28;"Putri Pertiwi Hana Arimbi";"RSUD Tugurejo Semarang";"22-13-0100-SA";8275555;"EKATALOG"
"009/PHI-QUO/EKAT/VII/2022/PS210";2022-07-28;"Putri Pertiwi Hana Arimbi";"RSUD Tugurejo Semarang";"15001-03-SA";1981855;"EKATALOG"
"011/PHI-QUO/EKAT/VII/2022/PS210";2022-07-28;"Putri Pertiwi Hana Arimbi";"RSUP Dr. Kariadi";"15001-03-SA";1981855;"EKATALOG"
"011/PHI-QUO/EKAT/VII/2022/PS210";2022-07-28;"Putri Pertiwi Hana Arimbi";"RSUP Dr. Kariadi";"22-14-0100-SA";6781091;"EKATALOG"
"011/PHI-QUO/EKAT/VII/2022/PS210";2022-07-28;"Putri Pertiwi Hana Arimbi";"RSUP Dr. Kariadi";"23003-SA";2838573;"EKATALOG"
"001/PHI-QUO/EKAT/VII/2022/PS194";2022-07-28;"Ida Ayu Putri Suryantini";"RSUD Kab. Badung Mangusada";"SHA-P5";13527873;"EKATALOG"
"001/PHI-QUO/EKAT/VII/2022/PS194";2022-07-28;"Ida Ayu Putri Suryantini";"RSUD Kab. Badung Mangusada";"PVK-J10";357497000;"EKATALOG"
"001/PHI-QUO/EKAT/VII/2022/PS194";2022-07-28;"Ida Ayu Putri Suryantini";"RSUD Kab. Badung Mangusada";"KW1811S";7150000;"EKATALOG"
"001/PHI-QUO/EKAT/VII/2022/PS194";2022-07-28;"Ida Ayu Putri Suryantini";"RSUD Kab. Badung Mangusada";"KA1811S";8250000;"EKATALOG"
"001/PHI-QUO/EKAT/VII/2022/PS194";2022-07-28;"Ida Ayu Putri Suryantini";"RSUD Kab. Badung Mangusada";"EE17-J10";549996000;"EKATALOG"
"001/PHI-QUO/EKAT/VIII/2022/PS125";2022-08-09;"Dwi Raharjo";"RSUD Pondok Gede";"23003-SA";2838573;"EKATALOG"
"001/PHI-QUO/EKAT/VIII/2022/PS125";2022-08-09;"Dwi Raharjo";"RSUD Pondok Gede";"15001-03-SA";1981855;"EKATALOG"
"004/PHI/QUO/EKAT/VII/2022/PS194";2022-07-30;"Ida Ayu Putri Suryantini";"RSUD Kota Mataram";"EPK-3000";486753258;"EKATALOG"
"004/PHI/QUO/EKAT/VII/2022/PS194";2022-07-30;"Ida Ayu Putri Suryantini";"RSUD Kota Mataram";"VNL15-J10 Set";627194400;"EKATALOG"
"004/PHI/QUO/EKAT/VII/2022/PS194";2022-07-30;"Ida Ayu Putri Suryantini";"RSUD Kota Mataram";"VNL8-J10";371180973;"EKATALOG"
"004/PHI/QUO/EKAT/VII/2022/PS194";2022-07-30;"Ida Ayu Putri Suryantini";"RSUD Kota Mataram";"PVK-J10";357497000;"EKATALOG"
"012/PHI-QUO/EKAT/VIII/2022/PA210";2022-08-01;"Putri Pertiwi Hana Arimbi";"RSUD Ungaran";"G180CE-JAR";22303936;"EKATALOG"
"012/PHI-QUO/EKAT/VIII/2022/PA210";2022-08-01;"Putri Pertiwi Hana Arimbi";"RSUD Ungaran";"15001-03-SA";1981855;"EKATALOG"
"012/PHI-QUO/EKAT/VIII/2022/PA210";2022-08-01;"Putri Pertiwi Hana Arimbi";"RSUD Ungaran";"AHP300 TS";154244591;"EKATALOG"
"004/PHI-QUO/VIII/2021/PS022";2022-08-05;"Edi Mulyadi, SE";"RSUD PASAR MINGGU";"VNL8-J10";371180973;"EKATALOG"
"001/PHI-QUO/EKAT/VIII/2022/PS022";2022-08-05;"Edi Mulyadi, SE";"RSUD Kebayoran Lama";"TB30";3446045;"EKATALOG"
"004/PHI-QUO/VIII/2021/PS022";2022-08-05;"Edi Mulyadi, SE";"RSUD PASAR MINGGU";"AL-SL";1178618;"EKATALOG"
"001/PHI-QUO/EKAT/VIII/2022/PS194";2022-08-06;"Ida Ayu Putri Suryantini";"RSUD Dr. R. Soedjono Selong";"22-13-0100-SA";8275555;"EKATALOG"
"001/PHI-QUO/EKAT/VIII/2022/PS194";2022-08-06;"Ida Ayu Putri Suryantini";"RSUD Dr. R. Soedjono Selong";"22-14-0100-SA";6781091;"EKATALOG"
"001/PHI-QUO/EKAT/VIII/2022/PS194";2022-08-06;"Ida Ayu Putri Suryantini";"RSUD Dr. R. Soedjono Selong";"22-18-0100-SA";8241245;"EKATALOG"
"001/PHI-QUO/EKAT/VIII/2022/PS194";2022-08-06;"Ida Ayu Putri Suryantini";"RSUD Dr. R. Soedjono Selong";"22-19-0100-SA";8778082;"EKATALOG"
"001/PHI-QUO/EKAT/VIII/2022/PS194";2022-08-06;"Ida Ayu Putri Suryantini";"RSUD Dr. R. Soedjono Selong";"15001-03-SA";1981855;"EKATALOG"
"005/PHI-QUO/VIII/2021/PS022";2022-08-08;"Edi Mulyadi, SE";"RSUP Fatmawati";"65401";1249254;"EKATALOG"
"002/PHI-~UO/EKAT/VIII/2022/PS194";2022-08-11;"Ida Ayu Putri Suryantini";"RSU Praya";"22-14-0100-SA";6781091;"EKATALOG"
"002/PHI-~UO/EKAT/VIII/2022/PS194";2022-08-11;"Ida Ayu Putri Suryantini";"RSU Praya";"TB60-SA1";3581264;"EKATALOG"
"002/PHI-~UO/EKAT/VIII/2022/PS194";2022-08-11;"Ida Ayu Putri Suryantini";"RSU Praya";"TB211-SA1";4497518;"EKATALOG"
"002/PHI-~UO/EKAT/VIII/2022/PS194";2022-08-11;"Ida Ayu Putri Suryantini";"RSU Praya";"T10118-SA1";7674136;"EKATALOG"
"002/PHI-~UO/EKAT/VIII/2022/PS194";2022-08-11;"Ida Ayu Putri Suryantini";"RSU Praya";"15001-03-SA";1981855;"EKATALOG"
"002/PHI-~UO/EKAT/VIII/2022/PS194";2022-08-11;"Ida Ayu Putri Suryantini";"RSU Praya";"15001-03T-SA";4372391;"EKATALOG"
"002/PHI-~UO/EKAT/VIII/2022/PS194";2022-08-11;"Ida Ayu Putri Suryantini";"RSU Praya";"22-13-0100-SA";8275555;"EKATALOG"
"002/PHI-~UO/EKAT/VIII/2022/PS194";2022-08-11;"Ida Ayu Putri Suryantini";"RSU Praya";"12-02-1000";485373;"EKATALOG"
"002/PHI-~UO/EKAT/VIII/2022/PS194";2022-08-11;"Ida Ayu Putri Suryantini";"RSU Praya";"15001-03P-SA";2217982;"EKATALOG"
"002/PHI-~UO/EKAT/VIII/2022/PS194";2022-08-11;"Ida Ayu Putri Suryantini";"RSU Praya";"22-18-0100-SA";8241245;"EKATALOG"
"002/PHI-~UO/EKAT/VIII/2022/PS194";2022-08-11;"Ida Ayu Putri Suryantini";"RSU Praya";"22-19-0100-SA";8778082;"EKATALOG"
"002/PHI-QUO/EKAT/VIII/2022/PS125";2022-08-12;"Dwi Raharjo";"RSUD Kabupaten Bekasi";"20-08-0008";168518;"EKATALOG"
"002/PHI-QUO/EKAT/VIII/2022/PS125";2022-08-12;"Dwi Raharjo";"RSUD Kabupaten Bekasi";"22-11-0006P";197781;"EKATALOG"
"003/PHI-QUO/EKAT/VIII/2022/PS194";2022-08-18;"Ida Ayu Putri Suryantini";"RSU Praya";"12-02-1000";485373;"EKATALOG"
"003/PHI-QUO/EKAT/VIII/2022/PS194";2022-08-18;"Ida Ayu Putri Suryantini";"RSU Praya";"15001-03P-SA";2217982;"EKATALOG"
"004/PHI-QUO/EKAT/VIII/2022/PS194";2022-08-19;"Ida Ayu Putri Suryantini";"RSU Praya";"15001-03P-SA";44359640;"EKATALOG"
"004/PHI-QUO/EKAT/VIII/2022/PS194";2022-08-19;"Ida Ayu Putri Suryantini";"RSU Praya";"12-02-1000";3397611;"EKATALOG"
"001/PHI-QUO/EKAT/VIII/2022/PS169";2022-08-23;"Sepri Marolob Saragih";"RSUP Persahabatan";"890113";2452080;"EKATALOG"
"001/PHI-QUO/EKAT/VIII/2022/PS169";2022-08-23;"Sepri Marolob Saragih";"RSUP Persahabatan";"64020";1665000;"EKATALOG"
"001/PHI-QUO/EKAT/VIII/2022/PS169";2022-08-23;"Sepri Marolob Saragih";"RSUP Persahabatan";"L599-600";9142350;"EKATALOG"
"001/PHI-QUO/EKAT/VIII/2022/PS169";2022-08-23;"Sepri Marolob Saragih";"RSUP Persahabatan";"L595162-10";1271460;"EKATALOG"
"005/PHI-QUO/EKAT/VIII/2022/PS205";2022-08-24;"Rosi Mawarni";"RSUD Pandan Arang Boyolali";"VNL15-J10 Set";627194400;"EKATALOG"
"005/PHI-QUO/EKAT/VIII/2022/PS205";2022-08-24;"Rosi Mawarni";"RSUD Pandan Arang Boyolali";"VNL8-J10";371180973;"EKATALOG"
"005/PHI-QUO/EKAT/VIII/2022/PS205";2022-08-24;"Rosi Mawarni";"RSUD Pandan Arang Boyolali";"EPK-3000";486753258;"EKATALOG"
"013/PHI/QUO/EKAT/VIII/2022/PS210";2022-08-29;"Putri Pertiwi Hana Arimbi";"Rumkit Tk.III Bhakti Wira Tamtama Smg";"15001-03-SA";1981855;"EKATALOG"
"046/PHI-QOU/EKAT/VIII/2022/PS190";2022-08-30;"Marcella Adriyani Alda";"RSUD Pameungpeuk";"31/10/2014";1367318;"EKATALOG"
"006/PHI-QUO/EKAT/VIII/2022/PS205";2022-08-30;"Rosi Mawarni";"RSUD Dr. Soediran MS Wonogiri";"22-14-0100-SA";6781091;"EKATALOG"
"008/PHI-QUO/EKAT/VIII/PS-214";2022-08-31;"Rivi Dwi Yuliana";"RSUD Karsa Husada Batu";"CP-1000 Set W/ Recording";587796464;"EKATALOG"
"009/PHI-QUO/EKAT/VIII/PS-214";2022-08-31;"Rivi Dwi Yuliana";"RSUD Karsa Husada Batu";"VNL15-J10";394379973;"EKATALOG"
"009/PHI-QUO/EKAT/VIII/PS-214";2022-08-31;"Rivi Dwi Yuliana";"RSUD Karsa Husada Batu";"SHA-P5";13527873;"EKATALOG"
"001/PHI-Quo/EKAT/VIII/PS-086";2022-09-01;"Heru Hermawan";"RSUD Nganjuk";"EE17-J10";549996000;"EKATALOG"
"001/PHI-Quo/EKAT/VIII/PS-086";2022-09-01;"Heru Hermawan";"RSUD Nganjuk";"SHA-P5";13527873;"EKATALOG"
"015/PHI-QUO/EKAT/IX/2022/PS210";2022-09-05;"Putri Pertiwi Hana Arimbi";"Rumkit Tk.III Bhakti Wira Tamtama Smg";"15001-03-SA";27313000;"EKATALOG"
"015/PHI-QUO/EKAT/IX/2022/PS210";2022-09-05;"Putri Pertiwi Hana Arimbi";"Rumkit Tk.III Bhakti Wira Tamtama Smg";"TB60-SA1";4789000;"EKATALOG"
"003/PHI-QUO/EKAT/VIII/2022/PS205";2022-08-24;"Rosi Mawarni";"RSUD Pandan Arang Boyolali";"22-14-0100-SD";6341000;"EKATALOG"
"003/PHI-QUO/EKAT/VIII/2022/PS205";2022-08-24;"Rosi Mawarni";"RSUD Pandan Arang Boyolali";"22-93-5002";899000;"EKATALOG"
"002/PHI-QUO/EKAT/XI/2022/PS194";2022-11-18;"Ida Ayu Putri Suryantini";"RSUP Sanglah";"EPK-3000";645200000;"EKATALOG"
"004/PHI-QUO/EKAT/X/2022/PS194";2022-10-28;"Ida Ayu Putri Suryantini";"RSUD Kab. Badung Mangusada";"RSHWSet";143517000;"EKATALOG"
"007/PHI-QUO/EKAT/X/2022/PS-191";2022-10-28;"Ari Budianto";"RSUD Dr. Soetomo";"23003-SA";3838000;"EKATALOG"
"001/PHI-QUO/EKAT/IX/2022/PS194";2022-09-11;"Ida Ayu Putri Suryantini";"RSU Praya";"EPK-3000";645200000;"EKATALOG"
"001/PHI-QUO/EKAT/IX/2022/PS194";2022-09-11;"Ida Ayu Putri Suryantini";"RSU Praya";"VNL8-J10 Set";820754236;"EKATALOG"
"001/PHI-QUO/EKAT/IX/2022/PS194";2022-09-11;"Ida Ayu Putri Suryantini";"RSU Praya";"VNL15-J10";591936553;"EKATALOG"
"002/PHI-QUO/EKAT/IX/2022/DSM11";2022-09-11;"Yohanes Bimo Satria";"";"CP-1000 Set W/ Recording";806001388;"EKATALOG"
"001/Phi-Quo/EKAT/IX/Ps-214";2022-09-12;"Rivi Dwi Yuliana";"RSUD Karsa Husada Batu";"VNL15-J10";591936553;"EKATALOG"
"002/PHI-QUO/EKAT/IX/Ps-214/2022";2022-09-12;"Rivi Dwi Yuliana";"RSUD Karsa Husada Batu";"VNL15-J10";591936553;"EKATALOG"
"002/PHI-QUO/EKAT/IX/Ps-214/2022";2022-09-12;"Rivi Dwi Yuliana";"RSUD Karsa Husada Batu";"SHA-P5";13527873;"EKATALOG"
"001/PHI-QUo/EKAT/IX/ps-195/2022";2022-09-12;"Dian Novita (deenov)";"RSUD Balung";"VNL15-J10";591936553;"EKATALOG"
"001/PHI-QUo/EKAT/IX/ps-195/2022";2022-09-12;"Dian Novita (deenov)";"RSUD Balung";"SHA-P5";13527873;"EKATALOG"
"001/PHI-Quo/EKAT/IX/Ps-191/2022";2022-09-13;"Ari Budianto";"RSUD Dr. R Koesma Tuban";"22-14-0100-SA";9775000;"EKATALOG"
"003/PHI-Quo/EKAT/Ps-195/IX/2022";2022-09-13;"Dian Novita (deenov)";"RSUD Dr. Soebandi";"EPK-3000";645200000;"EKATALOG"
"003/PHI-Quo/EKAT/Ps-195/IX/2022";2022-09-13;"Dian Novita (deenov)";"RSUD Dr. Soebandi";"VNL8-J10 Set";820754236;"EKATALOG"
"003/PHI-Quo/EKAT/Ps-195/IX/2022";2022-09-13;"Dian Novita (deenov)";"RSUD Dr. Soebandi";"VNL15-J10";591936553;"EKATALOG"
"004/PHI-Quo/EKAT/IX/Ps-195/2022";2022-09-13;"Dian Novita (deenov)";"RSUD Balung";"EPK-3000";645200000;"EKATALOG"
"004/PHI-Quo/EKAT/IX/Ps-195/2022";2022-09-13;"Dian Novita (deenov)";"RSUD Balung";"VNL15-J10 Set";845479873;"EKATALOG"
"001/PHI-QUO/EKAT/IX/2022/PS125";2022-09-13;"Dwi Raharjo";"RSUD Kabupaten Bekasi";"20-08-0008";3370360;"EKATALOG"
"001/PHI-QUO/EKAT/IX/2022/PS125";2022-09-13;"Dwi Raharjo";"RSUD Kabupaten Bekasi";"22-11-0006P";840000;"EKATALOG"
"003/phi-Quo/EKAT/IX/ps-191/2022";2022-09-13;"Ari Budianto";"RSUD Ibnu Sina Kab. Gresik";"65401";668000;"EKATALOG"
"004/PHI-Quo/EKAT/IX/Ps-214/2022";2022-09-15;"Rivi Dwi Yuliana";"RSUD Kanjuruhan Kepanjen";"EPK-3000";645200000;"EKATALOG"
"004/PHI-Quo/EKAT/IX/Ps-214/2022";2022-09-15;"Rivi Dwi Yuliana";"RSUD Kanjuruhan Kepanjen";"VNL15-J10 Set";845479873;"EKATALOG"
"005/PHI-Quo/EKAT/IX/Ps-214/2022";2022-09-15;"Rivi Dwi Yuliana";"RSUD Kanjuruhan Kepanjen";"VNL15-J10";591936553;"EKATALOG"
"002/PHI-QUO/EKAT/IX/2022/PS194";2022-09-15;"Ida Ayu Putri Suryantini";"RSUD Kota Mataram";"EPK-3000";645200000;"EKATALOG"
"005/PHI-Quo/EKAT/IX/Ps-214/2022";2022-09-15;"Rivi Dwi Yuliana";"RSUD Kanjuruhan Kepanjen";"SHA-P5";13527873;"EKATALOG"
"002/PHI-QUO/EKAT/IX/2022/PS194";2022-09-15;"Ida Ayu Putri Suryantini";"RSUD Kota Mataram";"VNL15-J10 Set";845479873;"EKATALOG"
"002/PHI-QUO/EKAT/IX/2022/PS194";2022-09-15;"Ida Ayu Putri Suryantini";"RSUD Kota Mataram";"VNL8-J10";567210917;"EKATALOG"
"002/PHI-QUO/EKAT/IX/2022/PS194";2022-09-15;"Ida Ayu Putri Suryantini";"RSUD Kota Mataram";"PVK-J10";460261362;"EKATALOG"
"006/Phi-Quo/EKAT/IX/ps-214";2022-09-22;"Rivi Dwi Yuliana";"RSUD Dr. Iskak Tulungagung";"EPK-3000";645200000;"EKATALOG"
"006/Phi-Quo/EKAT/IX/ps-214";2022-09-22;"Rivi Dwi Yuliana";"RSUD Dr. Iskak Tulungagung";"VNL15-J10 Set";845479873;"EKATALOG"
"007/phi-Quo/EKAT/IX/Ps-214";2022-09-23;"Rivi Dwi Yuliana";"RSU Mardi Waluyo";"EPK-3000";645200000;"EKATALOG"
"007/phi-Quo/EKAT/IX/Ps-214";2022-09-23;"Rivi Dwi Yuliana";"RSU Mardi Waluyo";"EE17-J10-Set";963433883;"EKATALOG"
"008/PHI-Quo/EKAT/IX/Ps-214";2022-09-23;"Rivi Dwi Yuliana";"RSUD Mardi Waluyo";"EPK-3000";645200000;"EKATALOG"
"008/PHI-Quo/EKAT/IX/Ps-214";2022-09-23;"Rivi Dwi Yuliana";"RSUD Mardi Waluyo";"VNL8-J10 Set";820754236;"EKATALOG"
"003/PHI-QUO/EKAT/IX/2022/PS125";2022-09-26;"Dwi Raharjo";"PT. AKINDO";"EPV200 Set";34679000;"EKATALOG"
"004/PHI-QUO/EKAT/IX/2022/PS125";2022-09-26;"Dwi Raharjo";"RSKD Duren Sawit";"01-63-3060";34818000;"EKATALOG"
"005/PHI-QUO/EKAT/IX/2022/PS125";2022-09-26;"Dwi Raharjo";"RSUD Kabupaten Bekasi";"RSHWSet";143517000;"EKATALOG"
"005/PHI-QUO/EKAT/IX/2022/PS125";2022-09-26;"Dwi Raharjo";"RSUD Kabupaten Bekasi";"RHRC-EN";2734000;"EKATALOG"
"005/PHI-QUO/EKAT/IX/2022/PS125";2022-09-26;"Dwi Raharjo";"RSUD Kabupaten Bekasi";"HSLV001";1265000;"EKATALOG"
"005/PHI-QUO/EKAT/IX/2022/PS125";2022-09-26;"Dwi Raharjo";"RSUD Kabupaten Bekasi";"HSLV002";1999000;"EKATALOG"
"006/PHI-QUO/EKAT/IX/2022/PS125";2022-09-26;"Dwi Raharjo";"RSU Bhayangkara Tk. I R.Said Sukamto";"RSHWSet";143517000;"EKATALOG"
"006/PHI-QUO/EKAT/IX/2022/PS125";2022-09-26;"Dwi Raharjo";"RSU Bhayangkara Tk. I R.Said Sukamto";"RHRC-EN";2734000;"EKATALOG"
"006/PHI-QUO/EKAT/IX/2022/PS125";2022-09-26;"Dwi Raharjo";"RSU Bhayangkara Tk. I R.Said Sukamto";"HSLV001";1265000;"EKATALOG"
"006/PHI-QUO/EKAT/IX/2022/PS125";2022-09-26;"Dwi Raharjo";"RSU Bhayangkara Tk. I R.Said Sukamto";"HSLV002";1999000;"EKATALOG"
"001/PHI-QUO/EKAT/IX/PS212-2022";2022-09-27;"Dwi Yudha Purtanto";"RSUD Dr. H. Slamet Martodirdjo";"CP-1000 Set W/ Recording";806001388;"EKATALOG"
"002/PHI-QUO/EKAT/XI/PS212-2022";2022-09-27;"Dwi Yudha Purtanto";"RSUD Dr. H. Slamet Martodirdjo";"EPK-3000";645200000;"EKATALOG"
"002/PHI-QUO/EKAT/XI/PS212-2022";2022-09-27;"Dwi Yudha Purtanto";"RSUD Dr. H. Slamet Martodirdjo";"VNL8-J10 Set";820754236;"EKATALOG"
"002/PHI-QUO/EKAT/XI/PS212-2022";2022-09-27;"Dwi Yudha Purtanto";"RSUD Dr. H. Slamet Martodirdjo";"VNL15-J10";591936553;"EKATALOG"
"003/PHI-Quo/EKAT/IX/Ps-212/2022";2022-09-27;"Dwi Yudha Purtanto";"RSUD Dr. H. Slamet Martodirdjo";"RSHWSet";143517000;"EKATALOG"
"003/PHI-Quo/EKAT/IX/Ps-212/2022";2022-09-27;"Dwi Yudha Purtanto";"RSUD Dr. H. Slamet Martodirdjo";"RHRC-EN";2734000;"EKATALOG"
"003/PHI-Quo/EKAT/IX/Ps-212/2022";2022-09-27;"Dwi Yudha Purtanto";"RSUD Dr. H. Slamet Martodirdjo";"HSLV001";1265000;"EKATALOG"
"003/PHI-Quo/EKAT/IX/Ps-212/2022";2022-09-27;"Dwi Yudha Purtanto";"RSUD Dr. H. Slamet Martodirdjo";"HSLV002";1999000;"EKATALOG"
"004/PHI-QUO/EKAT/IX/2022/PS-191";2022-10-03;"Ari Budianto";"RSUD Dr. R Koesma Tuban";"TB211-SA1";6974000;"EKATALOG"
"001/PHI-QUO/EKAT/X/2022/PS125";2022-10-03;"Dwi Raharjo";"RSPAU dr. Esnawan Antariksa";"EPK-3000";645200000;"EKATALOG"
"001/PHI-QUO/EKAT/X/2022/PS125";2022-10-03;"Dwi Raharjo";"RSPAU dr. Esnawan Antariksa";"VNL11-J10 Set";820754236;"EKATALOG"
"001/PHI-QUO/EKAT/X/2022/PS125";2022-10-03;"Dwi Raharjo";"RSPAU dr. Esnawan Antariksa";"VNL15-J10";591936553;"EKATALOG"
"001/PHI-QUO/EKAT/X/2022/PS-191";2022-10-05;"Ari Budianto";"RSUD Padangan";"VNL8-J10";567210917;"EKATALOG"
"001/PHI-QUO/EKAT/X/2022/PS194";2022-10-12;"Ida Ayu Putri Suryantini";"RSUD Bali Mandara";"22-14-0100-SA";9775000;"EKATALOG"
"001/PHI-QUO/EKAT/X/2022/PS205";2022-10-05;"Rosi Mawarni";"RS Orthopedi Prof. Dr. R. Soeharso";"RSHWSet";143517000;"EKATALOG"
"002/PHI-QUO/EKAT/X/2022/PS205";2022-10-05;"Rosi Mawarni";"RSUD Dr. Moewardi Surakarta";"RSHWSet";143517000;"EKATALOG"
"002/PHI-QUO/EKAT/X/2022/PS125";2022-10-06;"Dwi Raharjo";"RS Bhayangkara TK.I Pusdokkes Polri";"RSHWSet";861102000;"EKATALOG"
"002/PHI-QUO/EKAT/X/2022/PS125";2022-10-06;"Dwi Raharjo";"RS Bhayangkara TK.I Pusdokkes Polri";"RHRC-EN";16404000;"EKATALOG"
"002/PHI-QUO/EKAT/X/2022/PS125";2022-10-06;"Dwi Raharjo";"RS Bhayangkara TK.I Pusdokkes Polri";"HSLV001";7590000;"EKATALOG"
"002/PHI-QUO/EKAT/X/2022/PS125";2022-10-06;"Dwi Raharjo";"RS Bhayangkara TK.I Pusdokkes Polri";"HSLV002";11994000;"EKATALOG"
"004/PHI-QUO/EKAT/X/2022/PS-191";2022-10-06;"Ari Budianto";"RSUD Dr. Soetomo";"9400";801486000;"EKATALOG"
"004/PHI-QUO/EKAT/X/2022/PS-191";2022-10-06;"Ari Budianto";"RSUD Dr. Soetomo";"EPK-3000";645200000;"EKATALOG"
"004/PHI-QUO/EKAT/X/2022/PS-191";2022-10-06;"Ari Budianto";"RSUD Dr. Soetomo";"VNL11-J10 Set";820754236;"EKATALOG"
"001/phi-Quo/EKAT/X/2022/Ps-214";2022-10-25;"Rivi Dwi Yuliana";"RSUD Karsa Husada Batu";"22-13-0100-SA";9673000;"EKATALOG"
"001/PHI-QUO/X/2022/BE-03";2022-10-07;"Hifziel Azhar";"RSUD Provinsi Ir.Soekarno Kepulauan Bangka Belitung";"VNL15-J10";591936553;"EKATALOG"
"003/PHI-QUO/EKAT/X/2022/PS125";2022-10-07;"Dwi Raharjo";"RSUD Kabupaten Bekasi";"22-11-0006P";2100000;"EKATALOG"
"003/PHI-QUO/EKAT/X/2022/PS125";2022-10-07;"Dwi Raharjo";"RSUD Kabupaten Bekasi";"22-11-0004";1895000;"EKATALOG"
"004/PHI-QUO/EKAT/X/2022/PS125";2022-10-07;"Dwi Raharjo";"RSUD Bekasi";"EPK-3000";645200000;"EKATALOG"
"004/PHI-QUO/EKAT/X/2022/PS125";2022-10-07;"Dwi Raharjo";"RSUD Bekasi";"VNL8-J10 Set";820754236;"EKATALOG"
"004/PHI-QUO/EKAT/X/2022/PS125";2022-10-07;"Dwi Raharjo";"RSUD Bekasi";"VNL15-J10";591936553;"EKATALOG"
"006/PHI-QUO/EKAT/X/2022/PS-086";2022-10-10;"Heru Hermawan";"RSAL dr. Ramelan Surabaya";"EPK-3000";645200000;"EKATALOG"
"006/PHI-QUO/EKAT/X/2022/PS-086";2022-10-10;"Heru Hermawan";"RSAL dr. Ramelan Surabaya";"VNL15-J10 Set";845479873;"EKATALOG"
"005/PHI-QUO/EKAT/X/2022/PS125";2022-10-12;"Dwi Raharjo";"RSKD Duren Sawit";"EPK-3000";645200000;"EKATALOG"
"005/PHI-QUO/EKAT/X/2022/PS125";2022-10-12;"Dwi Raharjo";"RSKD Duren Sawit";"VNL8-J10 Set";820754236;"EKATALOG"
"005/PHI-QUO/EKAT/X/2022/PS125";2022-10-12;"Dwi Raharjo";"RSKD Duren Sawit";"VNL11-J10";567210917;"EKATALOG"
"005/PHI-QUO/EKAT/X/2022/PS125";2022-10-12;"Dwi Raharjo";"RSKD Duren Sawit";"VNL15-J10";591936553;"EKATALOG"
"003/PHI-QUO/EKAT/X/2022/PS194";2022-10-14;"Ida Ayu Putri Suryantini";"RSUD Sanjiwani Gianyar";"22-13-0100-SA";9673000;"EKATALOG"
"003/PHI-QUO/EKAT/X/2022/PS194";2022-10-14;"Ida Ayu Putri Suryantini";"RSUD Sanjiwani Gianyar";"15001-13-SA";2501000;"EKATALOG"
"003/PHI-QUO/EKAT/X/2022/PS194";2022-10-14;"Ida Ayu Putri Suryantini";"RSUD Sanjiwani Gianyar";"15001-03-SA";2483000;"EKATALOG"
"003/PHI-QUO/EKAT/X/2022/PS194";2022-10-14;"Ida Ayu Putri Suryantini";"RSUD Sanjiwani Gianyar";"22-14-0100-SA";9775000;"EKATALOG"
"006/PHI-QUO/EKAT/X/2022/PS-191";2022-10-14;"Ari Budianto";"RSUD Ibnu Sina Kab. Gresik";"RSHWSet";143517000;"EKATALOG"
"027/PHI-QUO/EKAT/X/2022/PS163";2022-10-10;"Hamzah Safii";"RSU Cut Meutia Lhoksemawe";"SHA-P5";13527873;"EKATALOG"
"003/PHI-QUO/IX/2022/PS205";2022-10-17;"Rosi Mawarni";"RSUD Dr. Soediran MS Wonogiri";"EE17-J10-Set";963433883;"EKATALOG"
"003/PHI-QUO/IX/2022/PS205";2022-10-17;"Rosi Mawarni";"RSUD Dr. Soediran MS Wonogiri";"EPK-3000";645200000;"EKATALOG"
"003/PHI-QUO/X/2022/PS205";2022-10-17;"Rosi Mawarni";"RSUD Dr. Soediran MS Wonogiri";"EE17-J10-Set";963433883;"EKATALOG"
"003/PHI-QUO/X/2022/PS205";2022-10-17;"Rosi Mawarni";"RSUD Dr. Soediran MS Wonogiri";"EPK-3000";645200000;"EKATALOG"
"002/PHI-QUO/EKAT/X/2022/PS022";2022-10-17;"Edi Mulyadi, SE";"RSU Kecamatan Pesanggrahan";"RSHWSet";143517000;"EKATALOG"
"002/PHI-QUO/EKAT/X/2022/PS022";2022-10-17;"Edi Mulyadi, SE";"RSU Kecamatan Pesanggrahan";"RHRC-EN";2734000;"EKATALOG"
"002/PHI-QUO/EKAT/X/2022/PS022";2022-10-17;"Edi Mulyadi, SE";"RSU Kecamatan Pesanggrahan";"HSLV001";1265000;"EKATALOG"
"002/PHI-QUO/EKAT/X/2022/PS022";2022-10-17;"Edi Mulyadi, SE";"RSU Kecamatan Pesanggrahan";"HSLV002";1999000;"EKATALOG"
"001/phi-Quo/EKAT/X/2022/Ps-214";2022-10-25;"Rivi Dwi Yuliana";"RSUD Karsa Husada Batu";"15001-03-SA";2483000;"EKATALOG"
"001/Phi-Quo/EKAT/XI/2022/Ps-212";2022-11-04;"Rivi Dwi Yuliana";"RSUD Karsa Husada Batu";"15001-03-SA";2483000;"EKATALOG"
"064/PHI-QOU/EKAT/X/2022/PS190";2022-10-25;"Marcella Adriyani Alda";"RSUD Pameungpeuk";"31/10/2014";1367318;"EKATALOG"
"065/PHI-QOU/EKAT/X/2022/PS190";2022-10-25;"Marcella Adriyani Alda";"";"31/10/2014";1367318;"EKATALOG"
"004/PHI-QUO/EKAT/X/2022/BE-03";2022-10-31;"Hifziel Azhar";"RSUP Dr. M. Djamil";"VNL15-J10 Set";845479873;"EKATALOG"
"004/PHI-QUO/EKAT/X/2022/BE-03";2022-10-31;"Hifziel Azhar";"RSUP Dr. M. Djamil";"VNL8-J10";567210917;"EKATALOG"
"001/phi-Quo/EKAT/XI/Ps-212/2022";2022-11-01;"Dwi Yudha Purtanto";"RSUD Kab. Sampang";"CP-1000 Set";610641388;"EKATALOG"
"002/Phi-Quo/EKAT/XI/Ps-212/2022";2022-11-01;"Dwi Yudha Purtanto";"RSUD Kab. Sampang";"EPK-3000";645200000;"EKATALOG"
"002/Phi-Quo/EKAT/XI/Ps-212/2022";2022-11-01;"Dwi Yudha Purtanto";"RSUD Kab. Sampang";"VNL15-J10 Set";845479873;"EKATALOG"
"003/phi-Quo/EKAT/XI/Ps-212/2022";2022-11-02;"Dwi Yudha Purtanto";"RSUD Bangkalan";"EPK-3000";645200000;"EKATALOG"
"003/phi-Quo/EKAT/XI/Ps-212/2022";2022-11-02;"Dwi Yudha Purtanto";"RSUD Bangkalan";"VNL15-J10 Set";845479873;"EKATALOG"
"001/PHI-QUO/EKAT/XI/2022/PS205";2022-11-02;"Rosi Mawarni";"RSUD Dr. Moewardi Surakarta";"RSHWSet";143517000;"EKATALOG"
"001/PHI-QUO/EKAT/XI/2022/PS205";2022-11-02;"Rosi Mawarni";"RSUD Dr. Moewardi Surakarta";"RHRC-EN";2734000;"EKATALOG"
"001/PHI-QUO/EKAT/XI/2022/PS205";2022-11-02;"Rosi Mawarni";"RSUD Dr. Moewardi Surakarta";"HSLV001";1265000;"EKATALOG"
"001/PHI-QUO/EKAT/XI/2022/PS205";2022-11-02;"Rosi Mawarni";"RSUD Dr. Moewardi Surakarta";"HSLV002";1999000;"EKATALOG"
"002/PHI-QUO/EKAT/XI/2022/PS210";2022-11-03;"Putri Pertiwi Hana Arimbi";"RSUP Dr. Kariadi";"RSHWSet";143517000;"EKATALOG"
"001/Phi-Quo/EKAT/XI/2022/Ps-212";2022-11-04;"Rivi Dwi Yuliana";"RSUD Karsa Husada Batu";"22-14-0100-SA";9775000;"EKATALOG"
"002/PHI-QUO/EKAT/XI/2022/PS125";2022-11-09;"Dwi Raharjo";"Rumkit Tk II M.Ridwan Meuraksa";"G180CE-JAR";22303936;"EKATALOG"
"003/PHI-QUO/EKAT/XI/2022/PS125";2022-11-09;"Dwi Raharjo";"RSUD Kabupaten Bekasi";"EPK-3000";645200000;"EKATALOG"
"003/PHI-QUO/EKAT/XI/2022/PS125";2022-11-09;"Dwi Raharjo";"RSUD Kabupaten Bekasi";"VNL11-J10 Set";820754236;"EKATALOG"
"003/PHI-QUO/EKAT/XI/2022/PS125";2022-11-09;"Dwi Raharjo";"RSUD Kabupaten Bekasi";"VNL8-J10";567210917;"EKATALOG"
"003/PHI-QUO/EKAT/XI/2022/PS125";2022-11-09;"Dwi Raharjo";"RSUD Kabupaten Bekasi";"KW1811S";8201635;"EKATALOG"
"003/PHI-QUO/EKAT/XI/2022/PS125";2022-11-09;"Dwi Raharjo";"RSUD Kabupaten Bekasi";"KA1811S";9470710;"EKATALOG"
"001/PHI-QUO/EKAT/XI/2022/PS194";2022-11-10;"Ida Ayu Putri Suryantini";"RSUD Bali Mandara";"22-14-0100-SA";9775000;"EKATALOG"
"002/PHI-QUO/EKAT/XI/2022/PS194";2022-11-18;"Ida Ayu Putri Suryantini";"RSUP Sanglah";"VNL15-J10 Set";845479873;"EKATALOG"
"002/PHI-QUO/EKAT/XI/2022/PS194";2022-11-18;"Ida Ayu Putri Suryantini";"RSUP Sanglah";"VNL8-J10";567210917;"EKATALOG"
"002/PHI-QUO/EKAT/XI/2022/PS194";2022-11-18;"Ida Ayu Putri Suryantini";"RSUP Sanglah";"EE17-J10";709890564;"EKATALOG"
"002/PHI-QUO/XI/2022/PS205";2022-11-18;"Rosi Mawarni";"RS Orthopedi Prof. Dr. R. Soeharso";"RHRC-EN";2734000;"EKATALOG"
"002/PHI-QUO/XI/2022/PS205";2022-11-18;"Rosi Mawarni";"RS Orthopedi Prof. Dr. R. Soeharso";"RSHWSet";143517000;"EKATALOG"
"002/PHI-QUO/XI/2022/PS205";2022-11-18;"Rosi Mawarni";"RS Orthopedi Prof. Dr. R. Soeharso";"HSLV001";1265000;"EKATALOG"
"002/PHI-QUO/XI/2022/PS205";2022-11-18;"Rosi Mawarni";"RS Orthopedi Prof. Dr. R. Soeharso";"HSLV002";1999000;"EKATALOG"
"003/PHI-QUO/EKAT/XI/2022/PS194";2022-11-21;"Ida Ayu Putri Suryantini";"UPT RS NYITDAH";"CP-1000 Set W/ Recording";806001388;"EKATALOG"
"003/PHO-QUO/EKAT/XI/2022/PS210";2022-11-22;"Putri Pertiwi Hana Arimbi";"RSUD Ungaran";"RSHWSet";143517000;"EKATALOG"
"002/Phi-Quo/EKAT/IX/";2022-11-22;"Rivi Dwi Yuliana";"BEND. RUMAH SAKIT SOEPRAOEN";"CP-1000 Set";610641388;"EKATALOG"
"003/phi-Quo/EKAT/XI/Ps-214/2022";2022-11-22;"Rivi Dwi Yuliana";"Rumkit Tk.II Dr. Soepraoen";"CP-1000 Set W/ Recording";806001388;"EKATALOG"
"001/PHI-QUO/EKAT/XI/2022/PS-191";2022-11-28;"Ari Budianto";"RSUD Dr. Soetomo";"EE17-J10-Set";963433883;"EKATALOG"
"001/PHI-QUO/EKAT/XI/2022/PS-191";2022-11-28;"Ari Budianto";"RSUD Dr. Soetomo";"EPK-3000";645200000;"EKATALOG"
"005/PHI-QUO/EKAT/X/2022/PS-191";2022-10-10;"Ari Budianto";"RSUD Dr. Soetomo";"EE17-J10";709890564;"EKATALOG"
"001/PHI-QUO/EKAT/XI/2022/PS-191";2022-11-28;"Ari Budianto";"RSUD Dr. Soetomo";"VNL15-J10";591936553;"EKATALOG"
"001/PHI-QUO/EKAT/XI/2022/PS-191";2022-11-28;"Ari Budianto";"RSUD Dr. Soetomo";"VNL8-J10";567210917;"EKATALOG"
"005/PHI-QUO/EKAT/X/2022/PS-191";2022-10-10;"Ari Budianto";"RSUD Dr. Soetomo";"VNL15-J10";591936553;"EKATALOG"
"002/PHI-QUO/I/2021/PS022";2021-01-06;"Edi Mulyadi, SE";"PT. AKINDO";"31-21-3271";4200000;"REGULER"
"005/PHI-QUO/III/2021/PS115";2021-03-24;"Tika Wulandari";"Rumkit Tk II M.Ridwan Meuraksa";"VNL11-J10";739200000;"REGULER"
"001/PHI-QUO/VI/2021/PS125";2021-06-17;"Dwi Raharjo";"RSU Ananda Bekasi";"CP-1000";306768000;"REGULER"
"005/PHI-QUO/I/2021/PS022";2021-01-21;"Edi Mulyadi, SE";"RSU Pondok Indah";"12-20-1000";1649000;"REGULER"
"001/PHI-QUO/II/2021/PS125";2021-02-04;"Dwi Raharjo";"RSUD Bekasi";"TB30";5046000;"REGULER"
"001/PHI-QUO/II/2021/PS125";2021-02-04;"Dwi Raharjo";"RSUD Bekasi";"Adapter";600000;"REGULER"
"004/PHI-QUO/II/2021/PS125";2021-02-23;"Dwi Raharjo";"RSUD Kabupaten Bekasi";"SHA-P5";11088000;"REGULER"
"002/PHI-QUO/II/2021/PS169";2021-02-08;"Sepri Marolob Saragih";"RS Cinta Kasih Tzu Chi";"G180CE-JAR";55440000;"REGULER"
"002/PHI-QUO/II/2021/PS169";2021-02-08;"Sepri Marolob Saragih";"RS Cinta Kasih Tzu Chi";"01-90-3100";2100000;"REGULER"
"002/PHI-QUO/II/2021/PS125";2021-02-04;"Dwi Raharjo";"RS Primaya Hospital Bekasi Timur";"REBLESS";180000000;"REGULER"
"003/PHI-QUO/II/2021/PS125";2021-02-09;"Dwi Raharjo";"RSU Bhayangkara Tk. I R.Said Sukamto";"REBLESS";180000000;"REGULER"
"001/PHI-QUO/VI/2021/PS022";2021-06-16;"Edi Mulyadi, SE";"RSU PMI Bogor";"22-10-0008";2600000;"REGULER"
"001/PHI-QUO/VI/2021/PS022";2021-06-16;"Edi Mulyadi, SE";"RSU PMI Bogor";"22-93-5002";540000;"REGULER"
"002/PHI-QUO/II/2021/PS084";2021-02-18;"Sarasita Herlianto P.";"RSUP H. Adam Malik";"VNL15-J10";785400000;"REGULER"
"004/PHI-QUO/II/2021/PS125";2021-02-23;"Dwi Raharjo";"RSUD Kabupaten Bekasi";"Mediview-V4";214500000;"REGULER"
"004/PHI-QUO/II/2021/PS125";2021-02-23;"Dwi Raharjo";"RSUD Kabupaten Bekasi";"VNL11-J10";739200000;"REGULER"
"004/PHI-QUO/II/2021/PS125";2021-02-23;"Dwi Raharjo";"RSUD Kabupaten Bekasi";"VNL8-J10";739200000;"REGULER"
"004/PHI-QUO/II/2021/PS125";2021-02-23;"Dwi Raharjo";"RSUD Kabupaten Bekasi";"EPK-3000";766656000;"REGULER"
"004/PHI-QUO/II/2021/PS125";2021-02-23;"Dwi Raharjo";"RSUD Kabupaten Bekasi";"HD-MONITOR";12500000;"REGULER"
"004/PHI-QUO/II/2021/PS125";2021-02-23;"Dwi Raharjo";"RSUD Kabupaten Bekasi";"ENDOSCOPY-TROLLEY-4LV";41250000;"REGULER"
"003/PHI-QUO/II/2021/PS138";2021-02-25;"Wahyu Prasetyo kusumo";"RSUD Kota Tangerang Selatan";"VNL11-J10";739200000;"REGULER"
"001/PHI-QUO/III/2021/PS125";2021-03-01;"Dwi Raharjo";"RSU Omni Cikarang";"EPK-3000";766656000;"REGULER"
"001/PHI-QUO/III/2021/PS125";2021-03-01;"Dwi Raharjo";"RSU Omni Cikarang";"VNL11-J10";739200000;"REGULER"
"001/PHI-QUO/III/2021/PS125";2021-03-01;"Dwi Raharjo";"RSU Omni Cikarang";"SHA-P5";11088000;"REGULER"
"001/PHI-QUO/III/2021/PS125";2021-03-01;"Dwi Raharjo";"RSU Omni Cikarang";"Mediview-V4";214500000;"REGULER"
"001/PHI-QUO/III/2021/PS125";2021-03-01;"Dwi Raharjo";"RSU Omni Cikarang";"HD-MONITOR";12500000;"REGULER"
"001/PHI-QUO/III/2021/PS125";2021-03-01;"Dwi Raharjo";"RSU Omni Cikarang";"ENDOSCOPY-TROLLEY-4LV";41250000;"REGULER"
"003/PHI-QUO/IV/2021/PS125";2021-04-23;"Dwi Raharjo";"RS Tiara Bekasi";"CP-1000";306768000;"REGULER"
"002/PHI-QUO/II/2021/PS138";2021-02-04;"Wahyu Prasetyo kusumo";"RSU Kabupaten Tangerang";"VNL11-J10";739200000;"REGULER"
"003/PHI-QUO/II/2021/PS022";2021-02-23;"Edi Mulyadi, SE";"RSU Tria Dipa";"AL-SL";2310000;"REGULER"
"004/PHI-QUO/II/2021/PS022";2021-03-08;"Edi Mulyadi, SE";"PT.  Sarana Mitra Anugrah";"01-90-3100";210000;"REGULER"
"005/PHI-QUO/II/2021/PS022";2021-03-08;"Edi Mulyadi, SE";"RSU Tria Dipa";"AL-SL";2310000;"REGULER"
"002/PHI-QUO/III/2021/PS115";2021-03-09;"Tika Wulandari";"RSU Budi Asih";"VNL11-J10";739200000;"REGULER"
"001/PHI-QUO/IV/2021/PS125";2021-04-21;"Dwi Raharjo";"RS Omni Cikarang";"FREE-TROLLEY";0;"REGULER"
"001/PHI-QUO/IV/2021/PS125";2021-04-21;"Dwi Raharjo";"RS Omni Cikarang";"HD-MONITOR";12500000;"REGULER"
"002/PHI-QUO/III/2021/PS084";2021-03-25;"Sarasita Herlianto P.";"RSUD Dr Pirngadi";"Mediview-V4";214500000;"REGULER"
"002/PHI-QUO/III/2021/PS022";2021-03-29;"Edi Mulyadi, SE";"RSU Dr. Suyoto Pusrehab Kemhan";"L535026";3320000;"REGULER"
"001/PHI-QUO/VI/2021/PS022";2021-06-16;"Edi Mulyadi, SE";"RSU PMI Bogor";"22-95-1100";210000;"REGULER"
"001/PHI-QUO/IV/2021/PS125";2021-04-21;"Dwi Raharjo";"RS Omni Cikarang";"VNL9-CP";399168000;"REGULER"
"004/PHI-QUO/IV/2021/PS163";2021-04-03;"Hamzah Safii";"RSUD Tamiang";"PVK-CP";175560000;"REGULER"
"004/PHI-QUO/IV/2021/PS163";2021-04-03;"Hamzah Safii";"RSUD Tamiang";"VNL11-J10";739200000;"REGULER"
"004/PHI-QUO/IV/2021/PS163";2021-04-03;"Hamzah Safii";"RSUD Tamiang";"S_K10_1100";0;"REGULER"
"004/PHI-QUO/IV/2021/PS163";2021-04-03;"Hamzah Safii";"RSUD Tamiang";"S_K10_1101";0;"REGULER"
"004/PHI-QUO/IV/2021/PS163";2021-04-03;"Hamzah Safii";"RSUD Tamiang";"S_K10_1102";265650000;"REGULER"
"004/PHI-QUO/IV/2021/PS163";2021-04-03;"Hamzah Safii";"RSUD Tamiang";"S_K10_1103";0;"REGULER"
"004/PHI-QUO/IV/2021/PS163";2021-04-03;"Hamzah Safii";"RSUD Tamiang";"S_K10_1104";0;"REGULER"
"004/PHI-QUO/IV/2021/PS163";2021-04-03;"Hamzah Safii";"RSUD Tamiang";"S_K10_1105";0;"REGULER"
"004/PHI-QUO/IV/2021/PS163";2021-04-03;"Hamzah Safii";"RSUD Tamiang";"S_081_0100";0;"REGULER"
"004/PHI-QUO/IV/2021/PS163";2021-04-03;"Hamzah Safii";"RSUD Tamiang";"S_281_0104";0;"REGULER"
"004/PHI-QUO/IV/2021/PS163";2021-04-03;"Hamzah Safii";"RSUD Tamiang";"EPK-3000(L)";696960000;"REGULER"
"006/PHI-QUO/IV/2021/PS163";2021-04-03;"Hamzah Safii";"RSUD Dr. Fauziah Bireun";"EPK-3000(L)";696960000;"REGULER"
"006/PHI-QUO/IV/2021/PS163";2021-04-03;"Hamzah Safii";"RSUD Dr. Fauziah Bireun";"PVK-CP";175560000;"REGULER"
"006/PHI-QUO/IV/2021/PS163";2021-04-03;"Hamzah Safii";"RSUD Dr. Fauziah Bireun";"VNL11-J10";739200000;"REGULER"
"006/PHI-QUO/IV/2021/PS163";2021-04-03;"Hamzah Safii";"RSUD Dr. Fauziah Bireun";"S_K10_1100";0;"REGULER"
"006/PHI-QUO/IV/2021/PS163";2021-04-03;"Hamzah Safii";"RSUD Dr. Fauziah Bireun";"S_K10_1101";0;"REGULER"
"006/PHI-QUO/IV/2021/PS163";2021-04-03;"Hamzah Safii";"RSUD Dr. Fauziah Bireun";"S_K10_1102";265650000;"REGULER"
"006/PHI-QUO/IV/2021/PS163";2021-04-03;"Hamzah Safii";"RSUD Dr. Fauziah Bireun";"S_K10_1103";0;"REGULER"
"006/PHI-QUO/IV/2021/PS163";2021-04-03;"Hamzah Safii";"RSUD Dr. Fauziah Bireun";"S_K10_1104";0;"REGULER"
"006/PHI-QUO/IV/2021/PS163";2021-04-03;"Hamzah Safii";"RSUD Dr. Fauziah Bireun";"S_K10_1105";0;"REGULER"
"006/PHI-QUO/IV/2021/PS163";2021-04-03;"Hamzah Safii";"RSUD Dr. Fauziah Bireun";"S_081_0100";0;"REGULER"
"006/PHI-QUO/IV/2021/PS163";2021-04-03;"Hamzah Safii";"RSUD Dr. Fauziah Bireun";"S_281_0104";0;"REGULER"
"007/PHI-QUO/IV/2021/PS163";2021-04-03;"Hamzah Safii";"RSUD TGK Chik Ditiro Sigli";"EPK-3000(L)";696960000;"REGULER"
"007/PHI-QUO/IV/2021/PS163";2021-04-03;"Hamzah Safii";"RSUD TGK Chik Ditiro Sigli";"PVK-CP";175560000;"REGULER"
"007/PHI-QUO/IV/2021/PS163";2021-04-03;"Hamzah Safii";"RSUD TGK Chik Ditiro Sigli";"VNL11-J10";739200000;"REGULER"
"007/PHI-QUO/IV/2021/PS163";2021-04-03;"Hamzah Safii";"RSUD TGK Chik Ditiro Sigli";"S_K10_1100";0;"REGULER"
"007/PHI-QUO/IV/2021/PS163";2021-04-03;"Hamzah Safii";"RSUD TGK Chik Ditiro Sigli";"S_K10_1101";0;"REGULER"
"007/PHI-QUO/IV/2021/PS163";2021-04-03;"Hamzah Safii";"RSUD TGK Chik Ditiro Sigli";"S_K10_1102";265650000;"REGULER"
"007/PHI-QUO/IV/2021/PS163";2021-04-03;"Hamzah Safii";"RSUD TGK Chik Ditiro Sigli";"S_K10_1103";0;"REGULER"
"007/PHI-QUO/IV/2021/PS163";2021-04-03;"Hamzah Safii";"RSUD TGK Chik Ditiro Sigli";"S_K10_1104";0;"REGULER"
"007/PHI-QUO/IV/2021/PS163";2021-04-03;"Hamzah Safii";"RSUD TGK Chik Ditiro Sigli";"S_K10_1105";0;"REGULER"
"007/PHI-QUO/IV/2021/PS163";2021-04-03;"Hamzah Safii";"RSUD TGK Chik Ditiro Sigli";"S_081_0100";0;"REGULER"
"007/PHI-QUO/IV/2021/PS163";2021-04-03;"Hamzah Safii";"RSUD TGK Chik Ditiro Sigli";"S_281_0104";0;"REGULER"
"004/PHI-QUO/III/2021/PS022";2021-04-07;"Edi Mulyadi, SE";"RSU Pusat Pertamina";"L599-190";324400;"REGULER"
"004/PHI-QUO/III/2021/PS022";2021-04-07;"Edi Mulyadi, SE";"RSU Pusat Pertamina";"L599-200";177000;"REGULER"
"004/PHI-QUO/III/2021/PS022";2021-04-07;"Edi Mulyadi, SE";"RSU Pusat Pertamina";"890113";140000;"REGULER"
"001/PHI-QUO/IV/2021/PS125";2021-04-21;"Dwi Raharjo";"RS Omni Cikarang";"CP-1000";306768000;"REGULER"
"001/PHI-QUO/IV/2021/PS125";2021-04-21;"Dwi Raharjo";"RS Omni Cikarang";"SHA-P5";11088000;"REGULER"
"001/PHI-QUO/IV/2021/PS125";2021-04-21;"Dwi Raharjo";"RS Omni Cikarang";"Mediview-V4";214500000;"REGULER"
"002/PHI-QUO/IV/2021/PS125";2021-04-21;"Dwi Raharjo";"RS Omni Cikarang";"EPK-3000";766656000;"REGULER"
"002/PHI-QUO/IV/2021/PS125";2021-04-21;"Dwi Raharjo";"RS Omni Cikarang";"VNL8-J10";739200000;"REGULER"
"002/PHI-QUO/IV/2021/PS125";2021-04-21;"Dwi Raharjo";"RS Omni Cikarang";"VNL15-J10";785400000;"REGULER"
"002/PHI-QUO/IV/2021/PS125";2021-04-21;"Dwi Raharjo";"RS Omni Cikarang";"SHA-P5";11088000;"REGULER"
"002/PHI-QUO/IV/2021/PS125";2021-04-21;"Dwi Raharjo";"RS Omni Cikarang";"Mediview-V4";214500000;"REGULER"
"002/PHI-QUO/IV/2021/PS125";2021-04-21;"Dwi Raharjo";"RS Omni Cikarang";"HD-MONITOR";12500000;"REGULER"
"002/PHI-QUO/IV/2021/PS125";2021-04-21;"Dwi Raharjo";"RS Omni Cikarang";"ENDOSCOPY-TROLLEY-4LV";41250000;"REGULER"
"002/PHI-QUO/IV/2021/PS125";2021-04-21;"Dwi Raharjo";"RS Omni Cikarang";"Endoscopy-Cab-3-scope";46200000;"REGULER"
"007/PHI-QUO/III/2021/PS120";2021-04-22;"Evarita Sonya Yuliana";"RSU Sultan Agung Semarang";"L599-130";495000;"REGULER"
"007/PHI-QUO/III/2021/PS120";2021-04-22;"Evarita Sonya Yuliana";"RSU Sultan Agung Semarang";"VNL15-J10";785400000;"REGULER"
"003/PHI-QUO/IV/2021/PS125";2021-04-23;"Dwi Raharjo";"RS Tiara Bekasi";"VNL9-CP";399168000;"REGULER"
"003/PHI-QUO/IV/2021/PS125";2021-04-23;"Dwi Raharjo";"RS Tiara Bekasi";"SHA-P5";11088000;"REGULER"
"003/PHI-QUO/IV/2021/PS125";2021-04-23;"Dwi Raharjo";"RS Tiara Bekasi";"HD-MONITOR";12500000;"REGULER"
"003/PHI-QUO/IV/2021/PS125";2021-04-23;"Dwi Raharjo";"RS Tiara Bekasi";"FREE-TROLLEY";0;"REGULER"
"003/PHI-QUO/IV/2021/PS125";2021-04-23;"Dwi Raharjo";"RS Tiara Bekasi";"Mediview-V4";214500000;"REGULER"
"002/PHI-QUO/IV/2021/PS169";2021-04-29;"Sepri Marolob Saragih";"RSU Siloam Hospitals Kebon Jeruk";"EPK-3000";766656000;"REGULER"
"001/PHI-QUO/VII/2021/PS138";2021-07-02;"Wahyu Prasetyo kusumo";"RS Pondok Indah Bintaro Jaya";"Adapter";600000;"REGULER"
"001/PHI-QUO/VII/2021/PS138";2021-07-02;"Wahyu Prasetyo kusumo";"RS Pondok Indah Bintaro Jaya";"15001-03";1730000;"REGULER"
"002/PHI-QUO/VI/2021/PS022";2021-06-16;"Edi Mulyadi, SE";"RSU Pelni Petamburan";"23003-SA";6798000;"REGULER"
"001/PHI-QUO/VI/2021/PS125";2021-06-17;"Dwi Raharjo";"RSU Ananda Bekasi";"FREE-TROLLEY";0;"REGULER"
"001/PHI-QUO/VI/2021/PS125";2021-06-17;"Dwi Raharjo";"RSU Ananda Bekasi";"HD-MONITOR";12500000;"REGULER"
"001/PHI-QUO/VI/2021/PS022";2021-06-16;"Edi Mulyadi, SE";"RSU PMI Bogor";"22-11-0004";400000;"REGULER"
"001/PHI-QUO/VI/2021/PS125";2021-06-17;"Dwi Raharjo";"RSU Ananda Bekasi";"SHA-P5";11088000;"REGULER"
"001/PHI-QUO/VI/2021/PS125";2021-06-17;"Dwi Raharjo";"RSU Ananda Bekasi";"VNL9-CP";399168000;"REGULER"
"003/PHI-QUO/VI/2021/PS022";2021-06-29;"Edi Mulyadi, SE";"RSU Pusat Pertamina";"31-10-2012";3454545;"REGULER"
"003/PHI-QUO/VI/2021/PS022";2021-06-29;"Edi Mulyadi, SE";"RSU Pusat Pertamina";"23017";4010000;"REGULER"
"001/PHI-QUO/XI/2021/PS169";2021-07-02;"Sepri Marolob Saragih";"RSU Pantai Indah Kapuk";"TB30";10092000;"REGULER"
"001/PHI-QUO/XI/2021/PS169";2021-07-02;"Sepri Marolob Saragih";"RSU Pantai Indah Kapuk";"ADR-AIR-BRT";1200000;"REGULER"
"001/PHI-QUO/VII/2021/PS169";2021-07-02;"Sepri Marolob Saragih";"RSU Pantai Indah Kapuk";"TB30";10092000;"REGULER"
"001/PHI-QUO/VII/2021/PS169";2021-07-02;"Sepri Marolob Saragih";"RSU Pantai Indah Kapuk";"ADR-AIR-BRT";1200000;"REGULER"
"002/PHI-QUO/VII/2021/PS138";2021-07-05;"Wahyu Prasetyo kusumo";"RS Premier Bintaro";"15001-03";1730000;"REGULER"
"002/PHI-QUO/VII/2021/PS138";2021-07-05;"Wahyu Prasetyo kusumo";"RS Premier Bintaro";"Adapter";600000;"REGULER"
"001/PHI-QUO/VII/2021/PS022";2021-07-06;"Edi Mulyadi, SE";"RSU Hermina Bogor";"23003-SA";6798000;"REGULER"
"001/PHI-QUO/VII/2021/PS022";2021-07-06;"Edi Mulyadi, SE";"RSU Hermina Bogor";"23003-SD";4521000;"REGULER"
"003/PHI-QUO/VII/2021/PS02";2021-07-16;"Edi Mulyadi, SE";"RSU PMI Bogor";"23003";4010000;"REGULER"
"002/PHI-QUO/VII/2021/PS022";2021-07-06;"Edi Mulyadi, SE";"RSU PMI Bogor";"23003";4010000;"REGULER"
"001/PHI-QUO/XI/2021/PS194";2021-11-22;"Ida Ayu Putri Suryantini";"RSU Permata Hati";"G180CE-JAR";55440000;"REGULER"
"001/PHI-QUO/XI/2021/PS125";2021-11-22;"Dwi Raharjo";"Rumkit Tk II M.Ridwan Meuraksa";"EPK-3000";766656000;"REGULER"
"001/PHI-QUO/XI/2021/PS125";2021-11-22;"Dwi Raharjo";"Rumkit Tk II M.Ridwan Meuraksa";"VNL15-J10";785400000;"REGULER"
"001/PHI-QUO/X/2021/PS125";2021-10-08;"Dwi Raharjo";"RS Karunia Kasih";"CP-1000";306768000;"REGULER"
"001/PHI-QUO/X/2021/PS125";2021-10-08;"Dwi Raharjo";"RS Karunia Kasih";"VNL9-CP";399168000;"REGULER"
"001/PHI-QUO/X/2021/PS125";2021-10-08;"Dwi Raharjo";"RS Karunia Kasih";"SHA-P5";11088000;"REGULER"
"001/PHI-QUO/X/2021/PS125";2021-10-08;"Dwi Raharjo";"RS Karunia Kasih";"HD-MONITOR";12500000;"REGULER"
"001/PHI-QUO/X/2021/PS125";2021-10-08;"Dwi Raharjo";"RS Karunia Kasih";"FREE-TROLLEY";0;"REGULER"
"001/PHI-QUO/XI/2021/PS084";2021-11-08;"Sarasita Herlianto P.";"RSU Murni Teguh Memorial Hospital";"L599-130";495000;"REGULER"
"001/PHI-QUO/XII/2021/PS125";2021-12-10;"Dwi Raharjo";"RS EMC Pekayon";"FREE-TROLLEY";0;"REGULER"
"001/PHI-QUO/XII/2021/PS125";2021-12-10;"Dwi Raharjo";"RS EMC Pekayon";"SHA-P5";11088000;"REGULER"
"001/PHI-QUO/XII/2021/PS125";2021-12-10;"Dwi Raharjo";"RS EMC Pekayon";"HD-MONITOR";12500000;"REGULER"
"001/PHI-QUO/XII/2021/PS125";2021-12-10;"Dwi Raharjo";"RS EMC Pekayon";"VNL9-CP";399168000;"REGULER"
"001/PHI-QUO/XII/2021/PS125";2021-12-10;"Dwi Raharjo";"RS EMC Pekayon";"CP-1000";306768000;"REGULER"
"001/PHI-QUO/XI/2021/PS084";2021-11-08;"Sarasita Herlianto P.";"RSU Murni Teguh Memorial Hospital";"LPEEP";3040000;"REGULER"
"001/PHI-QUO/XI/2021/PS084";2021-11-08;"Sarasita Herlianto P.";"RSU Murni Teguh Memorial Hospital";"L599-180";430000;"REGULER"
"001/PHI-QUO/XI/2021/PS084";2021-11-08;"Sarasita Herlianto P.";"RSU Murni Teguh Memorial Hospital";"L595162-10";130000;"REGULER"
"001/PHI-QUO/XI/2021/PS084";2021-11-08;"Sarasita Herlianto P.";"RSU Murni Teguh Memorial Hospital";"890113";140000;"REGULER"
"001/PHI-QUO/XI/2021/PS084";2021-11-08;"Sarasita Herlianto P.";"RSU Murni Teguh Memorial Hospital";"64020";177000;"REGULER"
"002/PHI-QUO/XI/2021/PS02";2021-11-09;"Edi Mulyadi, SE";"RSU PMI Bogor";"G180CE-JAR";55440000;"REGULER"
"001/PHI-QUO/XI/2021/PS194";2021-11-22;"Ida Ayu Putri Suryantini";"RSU Permata Hati";"01-90-3928";273000;"REGULER"
"001/PHI-QUO/XI/2021/PS125";2021-11-22;"Dwi Raharjo";"Rumkit Tk II M.Ridwan Meuraksa";"VNL11-J10 Set";1334658600;"REGULER"
"001/PHI-QUO/IV/2022/PS194";2022-04-12;"Ida Ayu Putri Suryantini";"RS Murni Teguh Bali";"CP-1000 Set W/ Recording";1298068200;"REGULER"
"001/PHI-QUO/IV/2022/PS009";2022-04-11;"Aryo Yulius";"RSU Bina Sehat";"11-03-0004";2000000;"REGULER"
"001/PHI-QUO/IV/2022/PS009";2022-04-11;"Aryo Yulius";"RSU Bina Sehat";"64378";100000;"REGULER"
"001/PHI-QUO/XII/2021/PS194";2021-12-03;"Ida Ayu Putri Suryantini";"RSU Kasih Ibu";"TB211";6430000;"REGULER"
"001/PHI-QUO/XII/2021/PS194";2021-12-03;"Ida Ayu Putri Suryantini";"RSU Kasih Ibu";"T10118";11460000;"REGULER"
"002/PHI-QUO/XII/2021/PS125";2021-12-14;"Dwi Raharjo";"RS EMC Cikarang";"CP-1000";306768000;"REGULER"
"002/PHI-QUO/XII/2021/PS125";2021-12-14;"Dwi Raharjo";"RS EMC Cikarang";"VNL9-CP";399168000;"REGULER"
"002/PHI-QUO/XII/2021/PS125";2021-12-14;"Dwi Raharjo";"RS EMC Cikarang";"SHA-P5";11088000;"REGULER"
"002/PHI-QUO/XII/2021/PS125";2021-12-14;"Dwi Raharjo";"RS EMC Cikarang";"HD-MONITOR";12500000;"REGULER"
"002/PHI-QUO/XII/2021/PS125";2021-12-14;"Dwi Raharjo";"RS EMC Cikarang";"FREE-TROLLEY";0;"REGULER"
"003/PHI-QUO/XII/2021/PS125";2021-12-21;"Dwi Raharjo";"RSU Ananda Bekasi";"TB211";6430000;"REGULER"
"003/PHI-QUO/XII/2021/PS125";2021-12-21;"Dwi Raharjo";"RSU Ananda Bekasi";"64378";100000;"REGULER"
"003/PHI-QUO/XII/2021/PS125";2021-12-21;"Dwi Raharjo";"RSU Ananda Bekasi";"Adapter";600000;"REGULER"
"004/PHI-QUO/XII/2021/PS125";2021-12-21;"Dwi Raharjo";"RSU Ananda Bekasi";"TB211";6430000;"REGULER"
"004/PHI-QUO/XII/2021/PS125";2021-12-21;"Dwi Raharjo";"RSU Ananda Bekasi";"34-10-0025";2170000;"REGULER"
"004/PHI-QUO/XII/2021/PS125";2021-12-21;"Dwi Raharjo";"RSU Ananda Bekasi";"Adapter";600000;"REGULER"
"005/PHI-QUO/XII/2021/PS125";2021-12-21;"Dwi Raharjo";"RSU Ananda Bekasi";"L599-130";495000;"REGULER"
"005/PHI-QUO/XII/2021/PS125";2021-12-21;"Dwi Raharjo";"RSU Ananda Bekasi";"L599-180";430000;"REGULER"
"005/PHI-QUO/XII/2021/PS125";2021-12-21;"Dwi Raharjo";"RSU Ananda Bekasi";"L595162-10";130000;"REGULER"
"005/PHI-QUO/XII/2021/PS125";2021-12-21;"Dwi Raharjo";"RSU Ananda Bekasi";"890113";140000;"REGULER"
"005/PHI-QUO/XII/2021/PS125";2021-12-21;"Dwi Raharjo";"RSU Ananda Bekasi";"LPEEP";3040000;"REGULER"
"005/PHI-QUO/XII/2021/PS125";2021-12-21;"Dwi Raharjo";"RSU Ananda Bekasi";"64020";177000;"REGULER"
"006/PHI-QUO/XII/2021/PS125";2021-12-22;"Dwi Raharjo";"RS EMC Cikarang";"EPK-3000";766656000;"REGULER"
"006/PHI-QUO/XII/2021/PS125";2021-12-22;"Dwi Raharjo";"RS EMC Cikarang";"VNL8-J10";739200000;"REGULER"
"006/PHI-QUO/XII/2021/PS125";2021-12-22;"Dwi Raharjo";"RS EMC Cikarang";"VNL15-J10";785400000;"REGULER"
"006/PHI-QUO/XII/2021/PS125";2021-12-22;"Dwi Raharjo";"RS EMC Cikarang";"SHA-P5";11088000;"REGULER"
"006/PHI-QUO/XII/2021/PS125";2021-12-22;"Dwi Raharjo";"RS EMC Cikarang";"Mediview-V4";214500000;"REGULER"
"006/PHI-QUO/XII/2021/PS125";2021-12-22;"Dwi Raharjo";"RS EMC Cikarang";"HD-MONITOR";12500000;"REGULER"
"006/PHI-QUO/XII/2021/PS125";2021-12-22;"Dwi Raharjo";"RS EMC Cikarang";"ENDOSCOPY-TROLLEY-4LV";41250000;"REGULER"
"006/PHI-QUO/XII/2021/PS125";2021-12-22;"Dwi Raharjo";"RS EMC Cikarang";"Endoscopy-Cab-3-scope";46200000;"REGULER"
"001/PHI-QUO/I/2022/PS125";2022-01-10;"Dwi Raharjo";"RSU Mitra Keluarga Bekasi Barat";"CP-1000";306768000;"REGULER"
"001/PHI-QUO/I/2022/PS125";2022-01-10;"Dwi Raharjo";"RSU Mitra Keluarga Bekasi Barat";"VNL9-CP";399168000;"REGULER"
"001/PHI-QUO/I/2022/PS125";2022-01-10;"Dwi Raharjo";"RSU Mitra Keluarga Bekasi Barat";"SHA-P5";11088000;"REGULER"
"001/PHI-QUO/I/2022/PS125";2022-01-10;"Dwi Raharjo";"RSU Mitra Keluarga Bekasi Barat";"HD-MONITOR";12500000;"REGULER"
"001/PHI-QUO/I/2022/PS125";2022-01-10;"Dwi Raharjo";"RSU Mitra Keluarga Bekasi Barat";"FREE-TROLLEY";0;"REGULER"
"001/PHI-QUO/I/2022/PS194";2022-01-26;"Ida Ayu Putri Suryantini";"RSU Balimed Negara";"15001-03-SA";4950000;"REGULER"
"001/PHI-QUO/I/2022/PS194";2022-01-26;"Ida Ayu Putri Suryantini";"RSU Balimed Negara";"15001-03-SD";2673000;"REGULER"
"001/PHI-QUO/II/2022/PS125";2022-02-03;"Dwi Raharjo";"RSU Juwita";"CP-1000";306768000;"REGULER"
"001/PHI-QUO/II/2022/PS125";2022-02-03;"Dwi Raharjo";"RSU Juwita";"VNL9-CP";399168000;"REGULER"
"001/PHI-QUO/II/2022/PS125";2022-02-03;"Dwi Raharjo";"RSU Juwita";"SHA-P5";11088000;"REGULER"
"001/PHI-QUO/II/2022/PS125";2022-02-03;"Dwi Raharjo";"RSU Juwita";"HD-MONITOR";12500000;"REGULER"
"001/PHI-QUO/II/2022/PS125";2022-02-03;"Dwi Raharjo";"RSU Juwita";"FREE-TROLLEY";0;"REGULER"
"003/PHI/QUO/II/2022/PS199";2022-02-21;"Sonja Dewi Cahayawati";"RS Primaya Semarang";"AHP300 TS";568696700;"REGULER"
"001/PHI-QUO/II/2022/PS194";2022-02-16;"Ida Ayu Putri Suryantini";"RSU Kasih Ibu";"22-14-0100-SA";17678100;"REGULER"
"001/PHI-QUO/II/2022/PS194";2022-02-16;"Ida Ayu Putri Suryantini";"RSU Kasih Ibu";"01-23-0300-E1";46282500;"REGULER"
"001/PHI-QUO/II/2022/PS194";2022-02-16;"Ida Ayu Putri Suryantini";"RSU Kasih Ibu";"01-63-3060-E1";82170000;"REGULER"
"001/PHI-QUO/III/2022/PS125";2022-03-02;"Dwi Raharjo";"RSU Premier Jatinegara";"CP-1000";306768000;"REGULER"
"001/PHI-QUO/III/2022/PS125";2022-03-02;"Dwi Raharjo";"RSU Premier Jatinegara";"VNL9-CP";399168000;"REGULER"
"001/PHI-QUO/III/2022/PS125";2022-03-02;"Dwi Raharjo";"RSU Premier Jatinegara";"HD-MONITOR";12500000;"REGULER"
"001/PHI-QUO/III/2022/PS125";2022-03-02;"Dwi Raharjo";"RSU Premier Jatinegara";"SHA-P5";11088000;"REGULER"
"001/PHI-QUO/III/2022/PS125";2022-03-02;"Dwi Raharjo";"RSU Premier Jatinegara";"FREE-TROLLEY";0;"REGULER"
"002/PHI-QUO/III/2022/PS125";2022-03-15;"Dwi Raharjo";"RS Siloam Lippo Cikarang";"CP-1000";306768000;"REGULER"
"002/PHI-QUO/III/2022/PS125";2022-03-15;"Dwi Raharjo";"RS Siloam Lippo Cikarang";"VNL9-CP";399168000;"REGULER"
"002/PHI-QUO/III/2022/PS125";2022-03-15;"Dwi Raharjo";"RS Siloam Lippo Cikarang";"HD-MONITOR";12500000;"REGULER"
"002/PHI-QUO/III/2022/PS125";2022-03-15;"Dwi Raharjo";"RS Siloam Lippo Cikarang";"FREE-TROLLEY";0;"REGULER"
"002/PHI-QUO/III/2022/PS125";2022-03-15;"Dwi Raharjo";"RS Siloam Lippo Cikarang";"SHA-P5";11088000;"REGULER"
"002/PHI-QUO/IV/2022/PS194";2022-04-29;"Ida Ayu Putri Suryantini";"RS Parama Sidhi";"01-63-3060-E1";82170000;"REGULER"
"001/PHI-QUO/REG/V/2022/PS-195";2022-05-17;"Dian Novita (deenov)";"RSU Adi Husada Pusat";"EPK-3000";766656000;"REGULER"
"001/PHI-QUO/REG/V/2022/PS-195";2022-05-17;"Dian Novita (deenov)";"RSU Adi Husada Pusat";"VNL15-J10 Set";1385478600;"REGULER"
"001/PHI-QUO/V/2022/PS138";2022-05-25;"Wahyu Prasetyo kusumo";"RSU Aminah";"LPEEP";3040000;"REGULER"
"001/PHI-QUO/REG/VI/2022/PS-195";2022-06-02;"Dian Novita (deenov)";"Siloam Hospital Jember";"CP-1000 Set";910868200;"REGULER"
"003/PHI-QUO/REG/VI/Ps195";2022-06-07;"Dian Novita (deenov)";"RSU Adi Husada Pusat";"CP-1000 Set W/ Recording";1298068200;"REGULER"
"004/PHI-QUO/III/2021/Ps042";2021-03-25;"Necisius Wahyu Adhimasto";"RSU Muhammadiyah Lamongan";"EPV200";40100000;"REGULER"
"004/PHI-QUO/III/2021/Ps042";2021-03-25;"Necisius Wahyu Adhimasto";"RSU Muhammadiyah Lamongan";"L535026";3320000;"REGULER"
"001/PHI-QUO/VI/2022/PS125";2022-06-10;"Dwi Raharjo";"RS EMC Pekayon";"TB211";6430000;"REGULER"
"005/PHI-QUO/VIII/2022/PS170";2022-08-26;"Jatu Widyastuti Prataman Tari";"RSU Panti Rapih";"RHSW";309000000;"REGULER"
"001/PHI-QUO/VI/2022/PS125";2022-06-10;"Dwi Raharjo";"RS EMC Pekayon";"Adapter";600000;"REGULER"
"001/PHI-QUO/VI/2022/PS030";2022-06-23;"Indah Aviyantie";"Koperasi Karyawan RSPK Warkes";"EPV200";25062500;"REGULER"
"001/PHI-QUO/VI/2022/PS030";2022-06-23;"Indah Aviyantie";"Koperasi Karyawan RSPK Warkes";"L535026";2075000;"REGULER"
"003/PHI-QUO/VI/2022/PS030";2022-06-24;"Indah Aviyantie";"Koperasi Karyawan RSPK Warkes";"EPV200";25062500;"REGULER"
"003/PHI-QUO/VI/2022/PS030";2022-06-24;"Indah Aviyantie";"Koperasi Karyawan RSPK Warkes";"L535026";2075000;"REGULER"
"001/PHI-QUO/VII/PS-214";2022-07-05;"Rivi Dwi Yuliana";"RS Islam Malang";"CP-1000 Set W/ Recording";1298068200;"REGULER"
"003/PHI-QUO/VI/2022/PS084";2022-06-29;"Sarasita Herlianto P.";"RSU Murni Teguh Memorial Hospital";"TROLCL1";9000000;"REGULER"
"003/PHI-QUO/V/2022/PS030REV";2022-06-30;"Indah Aviyantie";"Koperasi Karyawan RSPK Warkes";"EPV200";40100000;"REGULER"
"003/PHI-QUO/V/2022/PS030REV";2022-06-30;"Indah Aviyantie";"Koperasi Karyawan RSPK Warkes";"L535026";3320000;"REGULER"
"001/PHI-QUO/VII/2022/PS084";2022-07-01;"Sarasita Herlianto P.";"RSU Murni Teguh Memorial Hospital";"12-20-1000";3298000;"REGULER"
"009/PHI-QUO/VII/2022/PS210";2022-07-06;"Putri Pertiwi Hana Arimbi";"RS Primaya Semarang";"G180CE-JAR";55440000;"REGULER"
"002/PHI-QUO/VII/2022/PS022";2022-07-12;"Edi Mulyadi, SE";"RSU PMI Bogor";"01-90-3100";210000;"REGULER"
"001/PHI-QUO/REG/VII/Ps-212";2022-07-12;"Dwi Yudha Purtanto";"RSU Universitas Airlangga";"CP-1000 Set W/ Recording";1298068200;"REGULER"
"001/PHI-QUO/REG/VII/PS195";2022-07-20;"Dian Novita (deenov)";"RS National Hospital";"CP-1000 Set W/ Recording";1298068200;"REGULER"
"002/PHI-QUO/REG/VII/PS195";2022-07-20;"Dian Novita (deenov)";"RS National Hospital";"CP-1000 Set";910868200;"REGULER"
"001/PHI-QUO/VII/2022/PS194";2022-07-27;"Ida Ayu Putri Suryantini";"PT. Trinusa";"T10118";11460000;"REGULER"
"001/PHI-QUO/VII/2022/PS194";2022-07-27;"Ida Ayu Putri Suryantini";"PT. Trinusa";"TB211";6430000;"REGULER"
"001/PHI-QUO/VII/2022/PS194";2022-07-27;"Ida Ayu Putri Suryantini";"PT. Trinusa";"TB60";4350000;"REGULER"
"001/PHI-QUO/VIII/2022/PS022";2022-08-05;"Edi Mulyadi, SE";"RSU Dr. Suyoto Pusrehab Kemhan";"VNL8-J10";739200000;"REGULER"
"001/PHI-QUO/VIII/2022/PS022";2022-08-05;"Edi Mulyadi, SE";"RSU Dr. Suyoto Pusrehab Kemhan";"EE17-J10";1168860000;"REGULER"
"001/PHI-QUO/VIII/2022/PS205";2022-08-11;"Rosi Mawarni";"";"22-10-0011";7600000;"REGULER"
"001/PHI-QUO/VIII/2022/PS205";2022-08-11;"Rosi Mawarni";"";"22-93-5002";1080000;"REGULER"
"001/PHI-QUO/VIII/2022/PS125";2022-08-05;"Dwi Raharjo";"RSUD Kabupaten Bekasi";"20-02-0150";2550000;"REGULER"
"003/PHI-QUO/VIII/2022/PS030";2022-08-15;"Indah Aviyantie";"Rumkit Tk III Ciremai Cirebon";"01-90-2675";1072000;"REGULER"
"003/PHI-QUO/VIII/2022/PS030REV";2022-08-18;"Indah Aviyantie";"Rumkit Tk III Ciremai Cirebon";"01-90-2453";3240000;"REGULER"
"003/PHI-QUO/VIII/2022/PS030REV";2022-08-18;"Indah Aviyantie";"Rumkit Tk III Ciremai Cirebon";"01-90-2675";1072000;"REGULER"
"001/PHI-QUO/VIII/2022/DSC-03";2022-08-19;"Ganjar Rachamattuloh";"RS Mayapada Bandung";"VNL15-J10";785400000;"REGULER"
"001/PHI-QUO/VIII/2022/DSC-03";2022-08-19;"Ganjar Rachamattuloh";"RS Mayapada Bandung";"VNL8-J10";739200000;"REGULER"
"002/PHI-QUO/VIII/2022/DSC-03";2022-08-19;"Ganjar Rachamattuloh";"RS Mayapada Bandung";"VNL8-J10";739200000;"REGULER"
"001/PHI-QUO/VIII/PS133";2022-08-19;"Saepudin Dedi";"RS Mayapada Bandung";"VNL15-J10 Set";1385478600;"REGULER"
"001/PHI-QUO/VIII/PS133";2022-08-19;"Saepudin Dedi";"RS Mayapada Bandung";"VNL8-J10";739200000;"REGULER"
"001/PHI-QUO/VIII/PS133";2022-08-19;"Saepudin Dedi";"RS Mayapada Bandung";"VNL11-J10";739200000;"REGULER"
"001/PHI-QUO/VIII/2022/PS133";2022-08-22;"Saepudin Dedi";"Rumkit Tk II Dustira Cimahi";"RHSW";309000000;"REGULER"
"001/PHI-QUO/VIII/2022/PS133";2022-08-22;"Saepudin Dedi";"Rumkit Tk II Dustira Cimahi";"Tablet";0;"REGULER"
"001/PHI-QUO/VIII/2022/PS133";2022-08-22;"Saepudin Dedi";"Rumkit Tk II Dustira Cimahi";"HardCase";0;"REGULER"
"002/PHI-QUO/REG/VIII/PS-212";2022-08-22;"Dwi Yudha Purtanto";"RS Paru Surabaya";"HardCase";0;"REGULER"
"002/PHI-QUO/REG/VIII/PS-212";2022-08-22;"Dwi Yudha Purtanto";"RS Paru Surabaya";"Tablet";0;"REGULER"
"002/PHI-QUO/REG/VIII/PS-212";2022-08-22;"Dwi Yudha Purtanto";"RS Paru Surabaya";"RHSW";309000000;"REGULER"
"004/PHI-QUO/VIII/2022/PS133";2022-08-22;"Saepudin Dedi";"RSU Lanud Dr. M. Salamun";"RHSW";309000000;"REGULER"
"004/PHI-QUO/VIII/2022/PS133";2022-08-22;"Saepudin Dedi";"RSU Lanud Dr. M. Salamun";"Tablet";0;"REGULER"
"004/PHI-QUO/VIII/2022/PS133";2022-08-22;"Saepudin Dedi";"RSU Lanud Dr. M. Salamun";"HardCase";0;"REGULER"
"003/PHI-QUO/REG/VIII/PS-212";2022-08-22;"Dwi Yudha Purtanto";"RSUD Kab. Sampang";"RHSW";309000000;"REGULER"
"003/PHI-QUO/REG/VIII/PS-212";2022-08-22;"Dwi Yudha Purtanto";"RSUD Kab. Sampang";"Tablet";0;"REGULER"
"003/PHI-QUO/REG/VIII/PS-212";2022-08-22;"Dwi Yudha Purtanto";"RSUD Kab. Sampang";"HardCase";0;"REGULER"
"004/PHI-QUO/REG/VIII/Ps-212";2022-08-22;"Dwi Yudha Purtanto";"RSU Bhakti Rahayu";"G180CE-JAR";55440000;"REGULER"
"001/PHI-QUO/VIll/2022/PS-086";2022-08-18;"Heru Hermawan";"RSU Royal Surabaya";"RHSW";309000000;"REGULER"
"001/PHI-QUO/VIll/2022/PS-086";2022-08-18;"Heru Hermawan";"RSU Royal Surabaya";"Tablet";0;"REGULER"
"001/PHI-QUO/VIll/2022/PS-086";2022-08-18;"Heru Hermawan";"RSU Royal Surabaya";"HardCase";0;"REGULER"
"002/PHI-QUO/VIll/2022/PS-086";2022-08-22;"Heru Hermawan";"Rumkit Tk III Brawijaya,Sby";"RHSW";309000000;"REGULER"
"002/PHI-QUO/VIll/2022/PS-086";2022-08-22;"Heru Hermawan";"Rumkit Tk III Brawijaya,Sby";"Tablet";0;"REGULER"
"002/PHI-QUO/VIll/2022/PS-086";2022-08-22;"Heru Hermawan";"Rumkit Tk III Brawijaya,Sby";"HardCase";0;"REGULER"
"005/PHI-QUO/REG/VIII/PS-212";2022-08-22;"Dwi Yudha Purtanto";"RSU Universitas Airlangga";"RHSW";309000000;"REGULER"
"005/PHI-QUO/REG/VIII/PS-212";2022-08-22;"Dwi Yudha Purtanto";"RSU Universitas Airlangga";"Tablet";0;"REGULER"
"005/PHI-QUO/REG/VIII/PS-212";2022-08-22;"Dwi Yudha Purtanto";"RSU Universitas Airlangga";"HardCase";0;"REGULER"
"003/PHI-QUO/VIII/2022/PS022";2022-08-25;"Edi Mulyadi, SE";"RS Siloam Hospital TB Simatupang";"RHSW";309000000;"REGULER"
"003/PHI-QUO/VIII/2022/PS022";2022-08-25;"Edi Mulyadi, SE";"RS Siloam Hospital TB Simatupang";"Tablet";0;"REGULER"
"003/PHI-QUO/VIII/2022/PS022";2022-08-25;"Edi Mulyadi, SE";"RS Siloam Hospital TB Simatupang";"HardCase";0;"REGULER"
"004/PHI-QUO/VIII/2022/PS170";2022-08-26;"Jatu Widyastuti Prataman Tari";"RSUP Dr. Sardjito";"RHSW";309000000;"REGULER"
"004/PHI-QUO/VIII/2022/PS170";2022-08-26;"Jatu Widyastuti Prataman Tari";"RSUP Dr. Sardjito";"Tablet";0;"REGULER"
"004/PHI-QUO/VIII/2022/PS170";2022-08-26;"Jatu Widyastuti Prataman Tari";"RSUP Dr. Sardjito";"HardCase";0;"REGULER"
"005/PHI-QUO/VIII/2022/PS170";2022-08-26;"Jatu Widyastuti Prataman Tari";"RSU Panti Rapih";"Tablet";0;"REGULER"
"005/PHI-QUO/VIII/2022/PS170";2022-08-26;"Jatu Widyastuti Prataman Tari";"RSU Panti Rapih";"HardCase";0;"REGULER"
"006/PHI-QUO/VIII/2022/PS170";2022-08-26;"Jatu Widyastuti Prataman Tari";"RSU Bethesda Yogyakarta";"RHSW";309000000;"REGULER"
"006/PHI-QUO/VIII/2022/PS170";2022-08-26;"Jatu Widyastuti Prataman Tari";"RSU Bethesda Yogyakarta";"Tablet";0;"REGULER"
"006/PHI-QUO/VIII/2022/PS170";2022-08-26;"Jatu Widyastuti Prataman Tari";"RSU Bethesda Yogyakarta";"HardCase";0;"REGULER"
"001/PHI-QUO/VIII/2022/PS009";2022-08-29;"Aryo Yulius";"RSU Santosa Hospital Bandung Central";"RHSW";309000000;"REGULER"
"001/PHI-QUO/VIII/2022/PS009";2022-08-29;"Aryo Yulius";"RSU Santosa Hospital Bandung Central";"Tablet";0;"REGULER"
"001/PHI-QUO/VIII/2022/PS009";2022-08-29;"Aryo Yulius";"RSU Santosa Hospital Bandung Central";"HardCase";0;"REGULER"
"002/PHI-QUO/IV/2022/PS009";2022-08-29;"Aryo Yulius";"RSU Santosa Hospital Bandung Kopo";"RHSW";309000000;"REGULER"
"002/PHI-QUO/IV/2022/PS009";2022-08-29;"Aryo Yulius";"RSU Santosa Hospital Bandung Kopo";"Tablet";0;"REGULER"
"002/PHI-QUO/IV/2022/PS009";2022-08-29;"Aryo Yulius";"RSU Santosa Hospital Bandung Kopo";"HardCase";0;"REGULER"
"003/PHI-QUO/IV/2022/PS009";2022-08-29;"Aryo Yulius";"RSU Advent Bandung";"RHSW";309000000;"REGULER"
"003/PHI-QUO/IV/2022/PS009";2022-08-29;"Aryo Yulius";"RSU Advent Bandung";"HardCase";0;"REGULER"
"003/PHI-QUO/IV/2022/PS009";2022-08-29;"Aryo Yulius";"RSU Advent Bandung";"Tablet";0;"REGULER"
"004/PHI-QUO/VIII/2022/PS022";2022-08-30;"Edi Mulyadi, SE";"RSU Permata Cibubur";"34-10-0025";2170000;"REGULER"
"002/PHI-QUO/REG/VIII/Ps-214";2022-08-30;"Rivi Dwi Yuliana";"RSU Universitas Muhammadiyah Malang";"15001-03P-SA";5940000;"REGULER"
"001/PHI-QUO/REG/IX/Ps-214";2022-09-01;"Rivi Dwi Yuliana";"RS Islam Malang";"15001-03P-SA";5940000;"REGULER"
"001/PHI-QUO/IX/2022/Ps210";2022-09-05;"Putri Pertiwi Hana Arimbi";"RSU Telogorejo Semarang";"RHSW";309000000;"REGULER"
"001/PHI-QUO/IX/2022/DSM11";2022-09-11;"Yohanes Bimo Satria";"";"RHSW";309000000;"REGULER"
"001/PHI-QUO/IX/2021/PS087";2022-09-16;"Indra Friansyah";"RSU Abdi Waluyo";"RHSW";309000000;"REGULER"
"001/PHI-QUO/IX/2022/PS125";2022-09-30;"Dwi Raharjo";"RS EMC Pekayon";"TB211";11765000;"REGULER"
"001/PHI-QUO/IX/2022/PS125";2022-09-30;"Dwi Raharjo";"RS EMC Pekayon";"Adapter";600000;"REGULER"
"001/PHI-QUO/X/2022/PS125";2022-10-03;"Dwi Raharjo";"RS Islam Jakarta Cempaka Putih";"AHP300 TS";552684000;"REGULER"
"002/PHI-QUO/X/2022/PS125";2022-10-03;"Dwi Raharjo";"RS Primaya Bekasi Timur";"RSHWSet";309000000;"REGULER"
"002/PHI-QUO/X/2022/PS125";2022-10-03;"Dwi Raharjo";"RS Primaya Bekasi Timur";"RHRC-EN";5654000;"REGULER"
"003/PHI-QUO/X/2022/PS125";2022-10-12;"Dwi Raharjo";"RSU Hermina Bekasi";"TB211-SA1";30708000;"REGULER"
"001/PHI-QUO/X/2022/PS-191";2022-10-14;"Ari Budianto";"RS PHC";"RSHWSet";309000000;"REGULER"
"004/PHI-QUO/XI/2022/BE-03";2022-11-18;"Hifziel Azhar";"Martina";"9122C";28046000;"REGULER"
"002/PHI-QUO/XI/2022/PS022";2022-11-22;"Edi Mulyadi, SE";"RSU Siaga Raya";"RSHWSet";309000000;"REGULER"
"002/PHI-QUO/XI/2022/PS022";2022-11-22;"Edi Mulyadi, SE";"RSU Siaga Raya";"RHRC-EN";5654000;"REGULER"
"004/PHI-QUO/XI/2022/BE-03";2022-11-18;"Hifziel Azhar";"Martina";"9372HD";1246638690;"REGULER"
"004/PHI-QUO/XI/2022/BE-03";2022-11-18;"Hifziel Azhar";"Martina";"9400";1229635000;"REGULER"
"002/PHI-QUO/X/2022/PS084";2022-10-27;"Sarasita Herlianto P.";"RSU Murni Teguh Memorial Hospital";"AHP300 MS";539958000;"REGULER"
"003/PHI-QUO/X/2022/PS084";2022-10-27;"Sarasita Herlianto P.";"RSU Murni Teguh Memorial Hospital";"RSHWSet";309000000;"REGULER"
"003/PHI-QUO/X/2022/PS084";2022-10-27;"Sarasita Herlianto P.";"RSU Murni Teguh Memorial Hospital";"RHRC-EN";5654000;"REGULER"
